"id","name","rarity","level","cost","type","hp","anti_ammo","anti_beam","anti_melee","ranged","melee","speed","thruster","close_range","medium_range","long_range","respawn_time","ground","space","compatibility","melee_power","main_weapon1","main_weapon2","sub_weapon","skills"
0,"アクト・ザク\n[指揮官仕様]",3,2,450,"raid",15500,12,12,24,12,33,135,60,13,15,4,15,"○","○","","strong","アクト・ザク用ブルパップガン\nアクト・ザク用ビーム・ライフル\nザク・バズーカ","ヒート・ホークｘ２","ハンド・グレネードＺ","脚部ショックアブソーバーLv3\n高性能バランサーLv1\n強制噴射装置Lv1\n高性能AMBACLv1\nオーバーブーストLv1\n格闘連撃制御Lv2\nマニューバーアーマーLv1\n観測情報連結Lv1"
1,"アクト・ザク\n[指揮官仕様]",3,1,400,"raid",14500,10,10,22,10,30,135,60,12,13,3,14,"○","○","","strong","アクト・ザク用ブルパップガン\nアクト・ザク用ビーム・ライフル\nザク・バズーカ","ヒート・ホークｘ２","ハンド・グレネードＺ","脚部ショックアブソーバーLv3\n高性能バランサーLv1\n強制噴射装置Lv1\n高性能AMBACLv1\nオーバーブーストLv1\n格闘連撃制御Lv2\nマニューバーアーマーLv1\n観測情報連結Lv1"
2,"アレックス",3,2,500,"general",14000,19,19,17,28,21,130,60,15,14,7,17,"○","○","","normal","アレックス用ビーム・ライフル\nアレックス用ハイパー・バズーカ","アレックス用ビーム・サーベル","腕部９０ｍｍガトリング砲\n頭部バルカン[後期型]\nアレックスシールド","脚部ショックアブソーバーLv3\n緊急回避制御Lv2\n高性能バランサーLv1\n格闘連撃制御Lv1\n高性能AMBACLv1\n高性能レーダーLv1"
3,"アレックス",3,1,450,"general",13000,17,17,15,25,19,130,60,14,12,6,15,"○","○","","normal","アレックス用ビーム・ライフル\nアレックス用ハイパー・バズーカ","アレックス用ビーム・サーベル","腕部９０ｍｍガトリング砲\n頭部バルカン[後期型]\nアレックスシールド","脚部ショックアブソーバーLv3\n緊急回避制御Lv2\n高性能バランサーLv1\n格闘連撃制御Lv1\n高性能AMBACLv1\n高性能レーダーLv1"
4,"イフリート改",3,3,450,"raid",12750,12,12,24,0,45,130,40,19,9,4,15,"○","×","G","strong","イフリート改用腕部グレネード","ヒート・ソードｘ２","脚部ミサイルポッド","高性能バランサーLv1\n格闘連撃制御Lv2\n強制噴射装置Lv1\nマニューバーアーマーLv1\n耐爆機構Lv1\nパワーアクセラレータLv1\n能力UP「EXAM」Lv1"
5,"イフリート改",3,2,400,"raid",11250,10,10,22,0,40,130,40,18,7,3,14,"○","×","G","strong","イフリート改用腕部グレネード","ヒート・ソードｘ２","脚部ミサイルポッド","高性能バランサーLv1\n格闘連撃制御Lv2\n強制噴射装置Lv1\nマニューバーアーマーLv1\n耐爆機構Lv1\nパワーアクセラレータLv1\n能力UP「EXAM」Lv1"
6,"イフリート改",3,1,350,"raid",10000,8,8,20,0,35,130,40,16,6,2,12,"○","×","G","strong","イフリート改用腕部グレネード","ヒート・ソードｘ２","脚部ミサイルポッド","高性能バランサーLv1\n格闘連撃制御Lv2\n強制噴射装置Lv1\nマニューバーアーマーLv1\n耐爆機構Lv1\nパワーアクセラレータLv1\n能力UP「EXAM」Lv1"
7,"イフリート・ナハト",3,3,450,"raid",14000,14,14,30,9,36,135,60,18,10,4,15,"○","×","G","strong","腕部３連装ガトリング","コールド・ブレード\nコールド・ブレードｘ２","コールド・クナイ\nコールド・クナイｘ２","高性能バランサーLv1\n格闘連撃制御Lv2\nマニューバーアーマーLv1\n強制噴射装置Lv1\n脚部ショックアブソーバーLv2\nジャミングLv2\nステルスLv3"
8,"イフリート・ナハト",3,2,400,"raid",13000,12,12,28,7,33,135,60,16,9,3,14,"○","×","G","strong","腕部３連装ガトリング","コールド・ブレード\nコールド・ブレードｘ２","コールド・クナイ\nコールド・クナイｘ２","高性能バランサーLv1\n格闘連撃制御Lv2\nマニューバーアーマーLv1\n強制噴射装置Lv1\n脚部ショックアブソーバーLv2\nジャミングLv2\nステルスLv3"
9,"イフリート・ナハト",3,1,350,"raid",12000,10,10,26,5,30,135,60,14,8,2,12,"○","×","G","strong","腕部３連装ガトリング","コールド・ブレード\nコールド・ブレードｘ２","コールド・クナイ\nコールド・クナイｘ２","高性能バランサーLv1\n格闘連撃制御Lv2\nマニューバーアーマーLv1\n強制噴射装置Lv1\n脚部ショックアブソーバーLv2\nジャミングLv2\nステルスLv3"
10,"ガルバルディα",3,2,450,"general",14250,8,20,20,21,24,130,55,15,12,5,15,"○","○","","strong","ガルバルディα用ビーム・ライフル\nアクト・ザク用ブルパップガン\nゲルググ用ビーム・ライフル","ガルバルディα用ビーム・サーベル","シュツルム・ファウスト\nガルバルディα用シールド","緊急回避制御Lv2\n強化タックルLv2\n高性能バランサーLv1\n耐爆機構Lv1\n格闘連撃制御Lv1\n脚部特殊緩衝材Lv1"
11,"ガルバルディα",3,1,400,"general",13000,7,18,17,19,21,130,55,13,11,4,14,"○","○","","strong","ガルバルディα用ビーム・ライフル\nアクト・ザク用ブルパップガン\nゲルググ用ビーム・ライフル","ガルバルディα用ビーム・サーベル","シュツルム・ファウスト\nガルバルディα用シールド","緊急回避制御Lv2\n強化タックルLv2\n高性能バランサーLv1\n耐爆機構Lv1\n格闘連撃制御Lv1\n脚部特殊緩衝材Lv1"
12,"ガンダム",3,4,550,"general",17250,21,21,18,26,29,130,55,13,19,8,19,"○","○","","strong","ハイパー・バズーカ\nガンダム用ビーム・ライフル\nＧＤ用ビーム・ライフル[SN]","ビーム・サーベル[強化]\nハイパー・ハンマー","頭部バルカン\nラージシールド","脚部ショックアブソーバーLv2\nクイックブーストLv2\n緊急回避制御Lv1\n高性能バランサーLv1\n格闘連撃制御Lv1"
13,"ガンダム",3,3,500,"general",16000,19,19,16,24,26,130,55,12,17,7,17,"○","○","","strong","ハイパー・バズーカ\nガンダム用ビーム・ライフル\nＧＤ用ビーム・ライフル[SN]","ビーム・サーベル[強化]\nハイパー・ハンマー","頭部バルカン\nラージシールド","脚部ショックアブソーバーLv2\nクイックブーストLv2\n緊急回避制御Lv1\n高性能バランサーLv1\n格闘連撃制御Lv1"
14,"ガンダム",3,2,450,"general",14750,17,17,14,22,23,130,55,11,15,6,15,"○","○","","strong","ハイパー・バズーカ\nガンダム用ビーム・ライフル\nＧＤ用ビーム・ライフル[SN]","ビーム・サーベル[強化]\nハイパー・ハンマー","頭部バルカン\nラージシールド","脚部ショックアブソーバーLv2\nクイックブーストLv2\n緊急回避制御Lv1\n高性能バランサーLv1\n格闘連撃制御Lv1"
15,"ガンダム",3,1,400,"general",13500,15,15,12,20,20,130,55,10,13,5,14,"○","○","","strong","ハイパー・バズーカ\nガンダム用ビーム・ライフル\nＧＤ用ビーム・ライフル[SN]","ビーム・サーベル[強化]\nハイパー・ハンマー","頭部バルカン\nラージシールド","脚部ショックアブソーバーLv2\nクイックブーストLv2\n緊急回避制御Lv1\n高性能バランサーLv1\n格闘連撃制御Lv1"
16,"ガンダム試作１号機",3,1,550,"general",15000,20,20,20,27,28,130,60,18,16,6,19,"○","×","G","strong","試作１号機用ビーム・ライフル\nブルパップ・マシンガン","ビーム・サーベル[強化II型]","頭部バルカン[後期型]\nガンダム試作１号機シールド","脚部ショックアブソーバーLv3\nクイックブーストLv3\n緊急回避制御Lv2\n空中制御プログラムLv2\nパワーアクセラレータLv1\n高性能バランサーLv1\n格闘連撃制御Lv1"
17,"ガンダム試作２号機\n[BB仕様]",3,1,550,"raid",16000,24,24,24,30,22,115,75,18,14,8,19,"○","○","S","strong","試作２号機用ビーム・バズーカ","大出力ビーム・サーベル","頭部バルカン[強化II型]\nラジエーターシールド","高性能バランサーLv1\n高性能AMBACLv1\nマニューバーアーマーLv2\n強制噴射装置Lv2\n耐爆機構Lv1\n格闘連撃制御Lv2\n墜落抑止制御Lv1\n空中制御プログラムLv2\n滑空機構Lv3"
18,"ガンダム試作３号機\nステイメン",3,1,550,"general",14000,18,18,24,27,28,130,65,19,14,7,19,"○","○","S","normal","フォールディング・バズーカ","ビーム・サーベル[強化II型]","ステイメン用ビーム・ライフル\nフォールディング・シールド","緊急回避制御Lv2\n高性能バランサーLv1\n高性能AMBACLv1\n強制噴射装置Lv2\n格闘連撃制御Lv1\n高性能レーダーLv1\n耐爆機構Lv1\n背部特殊緩衝材Lv1"
19,"ガンダムピクシー",3,3,500,"raid",13750,16,14,24,5,45,135,45,20,13,3,17,"○","×","G","strong","ブルパップ・マシンガン\n９０ｍｍサブマシンガンｘ２","ビーム・ダガーｘ２","頭部バルカン\nハンド・グレネードＥ[強化II型]","高性能バランサーLv1\n格闘連撃制御Lv2\nマニューバーアーマーLv1\n強制噴射装置Lv1\nステルスLv1"
20,"ガンダムピクシー",3,2,450,"raid",12250,14,12,22,5,40,135,45,18,12,2,15,"○","×","G","strong","ブルパップ・マシンガン\n９０ｍｍサブマシンガンｘ２","ビーム・ダガーｘ２","頭部バルカン\nハンド・グレネードＥ[強化II型]","高性能バランサーLv1\n格闘連撃制御Lv2\nマニューバーアーマーLv1\n強制噴射装置Lv1\nステルスLv1"
21,"ガンダムピクシー",3,1,400,"raid",11000,12,10,20,5,35,135,45,16,10,2,14,"○","×","G","strong","ブルパップ・マシンガン\n９０ｍｍサブマシンガンｘ２","ビーム・ダガーｘ２","頭部バルカン\nハンド・グレネードＥ[強化II型]","高性能バランサーLv1\n格闘連撃制御Lv2\nマニューバーアーマーLv1\n強制噴射装置Lv1\nステルスLv1"
22,"ガンダム４号機",3,2,500,"general",15000,21,23,10,38,12,130,55,11,14,11,17,"○","○","S","normal","ハイパー・バズーカ\nハイパー・ビーム・ライフル","ビーム・サーベル[強化改修型]","頭部バルカン\nメガ・ビーム・ランチャー\nビーム・ガン・ユニット\nスライドシールド","緊急回避制御Lv1\nクイックブーストLv2\n高性能バランサーLv1\n格闘連撃制御Lv1\n高性能レーダーLv2\n高性能スコープLv2\n観測情報連結Lv1"
23,"ガンダム４号機",3,1,450,"general",13500,19,20,9,35,10,130,55,10,12,10,15,"○","○","S","normal","ハイパー・バズーカ\nハイパー・ビーム・ライフル","ビーム・サーベル[強化改修型]","頭部バルカン\nメガ・ビーム・ランチャー\nビーム・ガン・ユニット\nスライドシールド","緊急回避制御Lv1\nクイックブーストLv2\n高性能バランサーLv1\n格闘連撃制御Lv1\n高性能レーダーLv2\n高性能スコープLv2\n観測情報連結Lv1"
24,"ガンダム５号機",3,2,500,"raid",16000,18,18,28,28,22,130,60,17,13,6,17,"○","○","S","strong","ハイパー・バズーカ\nハイパー・ビーム・ライフル","ビーム・サーベル[強化改修型]","頭部バルカン\nジャイアント・ガトリング\nビーム・ガン・ユニット\nスライドシールド","高性能バランサーLv1\n格闘連撃制御Lv2\n高性能AMBACLv1\nマニューバーアーマーLv1\n高性能レーダーLv2"
25,"ガンダム５号機",3,1,450,"raid",14500,16,16,26,25,20,130,60,15,12,5,15,"○","○","S","strong","ハイパー・バズーカ\nハイパー・ビーム・ライフル","ビーム・サーベル[強化改修型]","頭部バルカン\nジャイアント・ガトリング\nビーム・ガン・ユニット\nスライドシールド","高性能バランサーLv1\n格闘連撃制御Lv2\n高性能AMBACLv1\nマニューバーアーマーLv1\n高性能レーダーLv2"
26,"ガンナーガンダム",3,1,400,"support",14500,20,20,2,35,5,110,50,4,10,14,14,"○","○","","weak","Ｇガンダム用ビーム・ライフル","ビーム・サーベル[強化]","頭部バルカン[後期型]","高性能レーダーLv3\n高性能スコープLv3\n観測情報連結Lv1\nクイックブーストLv3\nアンチジャミングLv2\nアンチステルスLv2\n高性能航宙ジンバルLv1"
27,"ガーベラ・テトラ",3,1,550,"raid",15000,23,23,24,35,20,130,75,17,14,9,19,"○","○","S","strong","Ｇ・テトラ用ビーム・マシンガン","Ｇ・テトラ用ビーム・サーベル","腕部１１０ｍｍ機関砲","高性能AMBACLv1\n強制噴射装置Lv2\n高性能バランサーLv1\nマニューバーアーマーLv2\n格闘連撃制御Lv1\n緊急回避制御Lv1\n高性能レーダーLv1\n高性能スコープLv1"
28,"ギャン",3,3,500,"raid",17750,11,15,28,0,50,140,70,22,11,3,17,"○","○","","strong","ニードル・ミサイル","ギャン用ビーム・サーベル","ハイドボンブ","高性能バランサーLv1\n格闘連撃制御Lv2\nマニューバーアーマーLv2\n耐爆機構Lv1\nクイックブーストLv2\n緊急回避制御Lv1"
29,"ギャン",3,2,450,"raid",16250,9,13,26,0,45,140,70,20,10,2,15,"○","○","","strong","ニードル・ミサイル","ギャン用ビーム・サーベル","ハイドボンブ","高性能バランサーLv1\n格闘連撃制御Lv2\nマニューバーアーマーLv2\n耐爆機構Lv1\nクイックブーストLv2\n緊急回避制御Lv1"
30,"ギャン",3,1,400,"raid",14750,7,11,24,0,40,140,70,17,9,2,14,"○","○","","strong","ニードル・ミサイル","ギャン用ビーム・サーベル","ハイドボンブ","高性能バランサーLv1\n格闘連撃制御Lv2\nマニューバーアーマーLv2\n耐爆機構Lv1\nクイックブーストLv2\n緊急回避制御Lv1"
31,"ゲルググ・キャノン",3,2,500,"support",17500,20,20,14,43,7,105,60,6,11,19,17,"○","○","S","normal","高機動型Ｇ用ロケット・ランチャー","ビーム・ナギナタ","肩部ビーム・キャノン\n腕部３連装ミサイル・ランチャー","高性能レーダーLv2\n高性能スコープLv2\n観測情報連結Lv1\n前線維持支援システムLv2\n脚部ショックアブソーバーLv2\n高性能AMBACLv1\n強化タックルLv1\n脚部特殊緩衝材Lv1\n高性能航宙ジンバルLv1"
32,"ゲルググ・キャノン",3,1,450,"support",16000,18,18,12,40,5,105,60,5,10,17,15,"○","○","S","normal","高機動型Ｇ用ロケット・ランチャー","ビーム・ナギナタ","肩部ビーム・キャノン\n腕部３連装ミサイル・ランチャー","高性能レーダーLv2\n高性能スコープLv2\n観測情報連結Lv1\n前線維持支援システムLv2\n脚部ショックアブソーバーLv2\n高性能AMBACLv1\n強化タックルLv1\n脚部特殊緩衝材Lv1\n高性能航宙ジンバルLv1"
33,"ゲルググＭ指揮官機",3,2,500,"general",17500,16,26,22,28,22,130,70,8,12,16,17,"○","○","S","normal","ＧＭ指揮官用ビーム・ライフル\nＭＭＰ－８０マシンガン[GN]","ゲルググＭ用ビーム・サーベル","腕部１１０ｍｍ速射砲\nゲルググＭ指揮官機シールド","脚部ショックアブソーバーLv2\n緊急回避制御Lv1\n脚部特殊緩衝材Lv1\n高性能バランサーLv1\n高性能AMBACLv1\n高性能レーダーLv2\n強制噴射装置Lv1\n格闘連撃制御Lv1"
34,"ゲルググＭ指揮官機",3,1,450,"general",16500,14,24,20,25,20,130,70,7,11,14,15,"○","○","S","normal","ＧＭ指揮官用ビーム・ライフル\nＭＭＰ－８０マシンガン[GN]","ゲルググＭ用ビーム・サーベル","腕部１１０ｍｍ速射砲\nゲルググＭ指揮官機シールド","脚部ショックアブソーバーLv2\n緊急回避制御Lv1\n脚部特殊緩衝材Lv1\n高性能バランサーLv1\n高性能AMBACLv1\n高性能レーダーLv2\n強制噴射装置Lv1\n格闘連撃制御Lv1"
35,"ケンプファー",3,2,500,"general",14000,7,7,25,33,33,130,76,18,11,7,17,"○","○","","normal","ショットガン","ケンプファー用ビーム・サーベル","背部ジャイアント・バズｘ２\nシュツルム・ファウストｘ２\n頭部バルカン[後期型]","クイックブーストLv3\n緊急回避制御Lv1\n高性能バランサーLv1\nマニューバーアーマーLv1\n格闘連撃制御Lv1\n高性能AMBACLv1\n強制噴射装置Lv2"
36,"ケンプファー",3,1,450,"general",12000,6,6,22,30,30,130,75,16,10,6,15,"○","○","","normal","ショットガン","ケンプファー用ビーム・サーベル","背部ジャイアント・バズｘ２\nシュツルム・ファウストｘ２\n頭部バルカン[後期型]","クイックブーストLv3\n緊急回避制御Lv1\n高性能バランサーLv1\nマニューバーアーマーLv1\n格闘連撃制御Lv1\n高性能AMBACLv1\n強制噴射装置Lv2"
37,"高機動型ゲルググ",3,3,550,"general",17000,19,26,15,24,31,130,70,16,15,9,19,"○","○","S","normal","高機動型Ｇ用ロケット・ランチャー\nジャイアント・バズ\nゲルググ用ビーム・ライフル","ビーム・ナギナタ","ハンド・グレネードＺ\nＭＭＰ－８０マシンガン\nゲルググシールド","緊急回避制御Lv1\n高性能バランサーLv1\n強制噴射装置Lv1\n高性能AMBACLv1\n格闘連撃制御Lv1\n強化タックルLv1\n脚部特殊緩衝材Lv1"
38,"高機動型ゲルググ",3,2,500,"general",16000,17,23,14,22,28,130,70,15,13,8,17,"○","○","S","normal","高機動型Ｇ用ロケット・ランチャー\nジャイアント・バズ\nゲルググ用ビーム・ライフル","ビーム・ナギナタ","ハンド・グレネードＺ\nＭＭＰ－８０マシンガン\nゲルググシールド","緊急回避制御Lv1\n高性能バランサーLv1\n強制噴射装置Lv1\n高性能AMBACLv1\n格闘連撃制御Lv1\n強化タックルLv1\n脚部特殊緩衝材Lv1"
39,"高機動型ゲルググ",3,1,450,"general",15000,15,20,13,20,25,130,70,13,12,7,15,"○","○","S","normal","高機動型Ｇ用ロケット・ランチャー\nジャイアント・バズ\nゲルググ用ビーム・ライフル","ビーム・ナギナタ","ハンド・グレネードＺ\nＭＭＰ－８０マシンガン\nゲルググシールド","緊急回避制御Lv1\n高性能バランサーLv1\n強制噴射装置Lv1\n高性能AMBACLv1\n格闘連撃制御Lv1\n強化タックルLv1\n脚部特殊緩衝材Lv1"
40,"高機動型ゲルググ(VG)","",1,450,"general",15000,10,25,8,25,15,130,70,11,12,9,15,"○","○","S","normal","ＧＲ型用ビーム・ライフル[GN]","ビーム・ナギナタ","ゲルググシールド","緊急回避制御Lv1\n強制噴射装置Lv2\nクイックブーストLv3\n高性能バランサーLv1\n格闘連撃制御Lv1\n高性能AMBACLv1"
41,"サイコ・ザク\n[TB]",3,2,550,"general",13250,26,26,8,55,0,145,80,5,16,19,19,"×","○","S","normal","ビーム・バズーカ","ヒート・ホーク[TB]","ジャイアント・バズｘ２\nザク・マシンガンｘ２\nシュツルム・ファウストｘ２","緊急回避制御Lv2\n強化タックルLv1\nパワーアクセラレータLv1\nマニューバーアーマーLv1\n高性能AMBACLv1\n強制噴射装置Lv1\n高性能レーダーLv1\n格闘連撃制御Lv1"
42,"サイコ・ザク\n[TB]",3,1,500,"general",12000,24,24,6,50,0,145,80,4,15,17,17,"×","○","S","normal","ビーム・バズーカ","ヒート・ホーク[TB]","ジャイアント・バズｘ２\nザク・マシンガンｘ２\nシュツルム・ファウストｘ２","緊急回避制御Lv2\n強化タックルLv1\nパワーアクセラレータLv1\nマニューバーアーマーLv1\n高性能AMBACLv1\n強制噴射装置Lv1\n高性能レーダーLv1\n格闘連撃制御Lv1"
43,"ザメル",3,2,550,"support",18000,26,26,8,55,0,125,70,4,15,18,19,"○","×","G","weak","８連装ミサイル・ランチャー","打突","６８０ｍｍキャノン[HE弾]\n６８０ｍｍキャノン[type3]\n６８０ｍｍキャノン[APFSDS]\n２０ｍｍバルカン","高性能レーダーLv3\n高性能スコープLv3\n観測情報連結Lv1\n前線維持支援システムLv1\n高精度砲撃Lv1\n強化タックルLv3\n衝撃吸収機構Lv1"
44,"ザメル",3,1,500,"support",17000,24,24,6,50,0,125,70,4,14,16,17,"○","×","G","weak","８連装ミサイル・ランチャー","打突","６８０ｍｍキャノン[HE弾]\n６８０ｍｍキャノン[type3]\n６８０ｍｍキャノン[APFSDS]\n２０ｍｍバルカン","高性能レーダーLv3\n高性能スコープLv3\n観測情報連結Lv1\n前線維持支援システムLv1\n高精度砲撃Lv1\n強化タックルLv3\n衝撃吸収機構Lv1"
45,"ジム・ナイトシーカー",3,3,300,"general",13500,11,11,8,25,5,110,65,9,5,6,10,"○","○","G","normal","ハイパー・バズーカ\nビーム・スプレーガン\nブルパップ・マシンガン\n１００ｍｍマシンガン","ビーム・サーベル","頭部バルカン\nハンド・グレネードＥ[強化]","脚部ショックアブソーバーLv3\n緊急回避制御Lv1\n空中制御プログラムLv1\n滑空機構Lv2\n高性能バランサーLv1\nマーカーLv1\nアンチステルスLv1"
46,"ジム・ナイトシーカー",3,2,250,"general",12750,9,9,6,20,5,110,65,7,4,5,8,"○","○","G","normal","ハイパー・バズーカ\nビーム・スプレーガン\nブルパップ・マシンガン\n１００ｍｍマシンガン","ビーム・サーベル","頭部バルカン\nハンド・グレネードＥ[強化]","脚部ショックアブソーバーLv3\n緊急回避制御Lv1\n空中制御プログラムLv1\n滑空機構Lv2\n高性能バランサーLv1\nマーカーLv1\nアンチステルスLv1"
47,"ジム・ナイトシーカー",3,1,200,"general",11250,7,7,4,15,5,110,65,6,3,3,7,"○","○","G","normal","ハイパー・バズーカ\nビーム・スプレーガン\nブルパップ・マシンガン\n１００ｍｍマシンガン","ビーム・サーベル","頭部バルカン\nハンド・グレネードＥ[強化]","脚部ショックアブソーバーLv3\n緊急回避制御Lv1\n空中制御プログラムLv1\n滑空機構Lv2\n高性能バランサーLv1\nマーカーLv1\nアンチステルスLv1"
48,"ジュアッグ",3,3,450,"support",18750,26,24,8,29,16,80,45,7,15,10,15,"○","×","","normal","３連装ロケット・ランチャーｘ２","アウターシェル・バレル[強化型]","腹部連装メガ粒子砲","高性能レーダーLv2\n高性能スコープLv1\n観測情報連結Lv1\n高精度砲撃Lv1\n強化タックルLv3\n頭部特殊緩衝材Lv1\n耐爆機構Lv1"
49,"ジュアッグ",3,2,400,"support",17250,24,22,6,26,14,80,45,6,13,9,14,"○","×","","normal","３連装ロケット・ランチャーｘ２","アウターシェル・バレル[強化型]","腹部連装メガ粒子砲","高性能レーダーLv2\n高性能スコープLv1\n観測情報連結Lv1\n高精度砲撃Lv1\n強化タックルLv3\n頭部特殊緩衝材Lv1\n耐爆機構Lv1"
50,"ジュアッグ",3,1,350,"support",16000,22,20,4,23,12,80,45,5,11,8,12,"○","×","","normal","３連装ロケット・ランチャーｘ２","アウターシェル・バレル[強化型]","腹部連装メガ粒子砲","高性能レーダーLv2\n高性能スコープLv1\n観測情報連結Lv1\n高精度砲撃Lv1\n強化タックルLv3\n頭部特殊緩衝材Lv1\n耐爆機構Lv1"
51,"ズゴッグＥ",3,3,500,"raid",17500,17,17,20,14,36,130,60,18,13,5,17,"○","×","G","strong","ＺＥ用ビーム・カノン","ズゴックＥ用バイス・クロー","魚雷発射管ｘ６","高性能バランサーLv1\n格闘連撃制御Lv2\nマニューバーアーマーLv1\n耐爆機構Lv1\n脚部ショックアブソーバーLv2\nクイックブーストLv1\n緊急回避制御Lv1\n頭部特殊緩衝材Lv1"
52,"ズゴッグＥ",3,2,450,"raid",16000,15,15,18,12,33,130,60,17,12,3,15,"○","×","G","strong","ＺＥ用ビーム・カノン","ズゴックＥ用バイス・クロー","魚雷発射管ｘ６","高性能バランサーLv1\n格闘連撃制御Lv2\nマニューバーアーマーLv1\n耐爆機構Lv1\n脚部ショックアブソーバーLv2\nクイックブーストLv1\n緊急回避制御Lv1\n頭部特殊緩衝材Lv1"
53,"ズゴッグＥ",3,1,400,"raid",14500,13,13,16,10,30,130,60,15,10,3,14,"○","×","G","strong","ＺＥ用ビーム・カノン","ズゴックＥ用バイス・クロー","魚雷発射管ｘ６","高性能バランサーLv1\n格闘連撃制御Lv2\nマニューバーアーマーLv1\n耐爆機構Lv1\n脚部ショックアブソーバーLv2\nクイックブーストLv1\n緊急回避制御Lv1\n頭部特殊緩衝材Lv1"
54,"先行量産型ゲルググ",3,4,550,"general",19500,20,24,16,29,26,130,55,15,17,8,19,"○","○","","strong","ジャイアント・バズ\nゲルググ用ビーム・ライフル","ビーム・ナギナタ","ＭＭＰ－８０マシンガン\nゲルググシールド","脚部ショックアブソーバーLv2\nクイックブーストLv1\n緊急回避制御Lv1\n強化タックルLv1\n高性能バランサーLv1\n格闘連撃制御Lv1"
55,"先行量産型ゲルググ",3,3,500,"general",18000,18,22,14,26,24,130,55,13,16,7,17,"○","○","","strong","ジャイアント・バズ\nゲルググ用ビーム・ライフル","ビーム・ナギナタ","ＭＭＰ－８０マシンガン\nゲルググシールド","脚部ショックアブソーバーLv2\nクイックブーストLv1\n緊急回避制御Lv1\n強化タックルLv1\n高性能バランサーLv1\n格闘連撃制御Lv1"
56,"先行量産型ゲルググ",3,2,450,"general",16500,16,20,12,23,22,130,55,11,15,6,15,"○","○","","strong","ジャイアント・バズ\nゲルググ用ビーム・ライフル","ビーム・ナギナタ","ＭＭＰ－８０マシンガン\nゲルググシールド","脚部ショックアブソーバーLv2\nクイックブーストLv1\n緊急回避制御Lv1\n強化タックルLv1\n高性能バランサーLv1\n格闘連撃制御Lv1"
57,"先行量産型ゲルググ",3,1,400,"general",15000,14,18,10,20,20,130,55,10,13,5,14,"○","○","","strong","ジャイアント・バズ\nゲルググ用ビーム・ライフル","ビーム・ナギナタ","ＭＭＰ－８０マシンガン\nゲルググシールド","脚部ショックアブソーバーLv2\nクイックブーストLv1\n緊急回避制御Lv1\n強化タックルLv1\n高性能バランサーLv1\n格闘連撃制御Lv1"
58,"ドム・バラッジ",3,2,450,"support",18000,27,22,22,12,5,130,50,10,10,12,15,"○","○","","weak","ガトリング・キャノン","打撃","胸部ビーム・ガン\n腰部ミサイル・ランチャー","高性能レーダーLv1\n観測情報連結Lv1\n前線維持支援システムLv2\n脚部ショックアブソーバーLv2\n高性能航宙ジンバルLv1"
59,"ドム・バラッジ",3,1,400,"support",16000,25,20,20,10,3,130,50,9,9,10,14,"○","○","","weak","ガトリング・キャノン","打撃","胸部ビーム・ガン\n腰部ミサイル・ランチャー","高性能レーダーLv1\n観測情報連結Lv1\n前線維持支援システムLv2\n脚部ショックアブソーバーLv2\n高性能航宙ジンバルLv1"
60,"ドワッジ",3,1,400,"raid",15000,18,18,16,30,10,145,60,12,14,2,14,"○","×","G","","ジャイアント・バズ(布付き)\nＭＭＰ－７８マシンガン[GN]","ドワッジ用ヒート・サーベル","スプレッド・ビーム\nヒート・トマホーク\n頭部バルカンｘ４","高性能バランサーLv1\n格闘連撃制御Lv2\nマニューバーアーマーLv1\n耐爆機構Lv1\nパワーアクセラレータLv1\n強化タックルLv3\n脚部特殊緩衝材Lv1"
61,"ヒルドルブ",3,2,450,"support",18000,30,20,8,40,5,120,60,6,12,14,15,"○","×","G","weak","専用ザク・マシンガンｘ２","ショベルアーム","３０ｃｍ砲[HE弾]\n３０ｃｍ砲[type3]\n３０ｃｍ砲[APFSDS]\nスモーク・ディスチャージャーｘ２","高性能レーダーLv3\n高性能スコープLv3\n観測情報連結Lv1\n高精度砲撃Lv1\n機体固定装置Lv1\n強化タックルLv3\n変形Lv1"
62,"ヒルドルブ",3,1,400,"support",17000,28,18,6,35,5,120,60,5,11,12,14,"○","×","G","weak","専用ザク・マシンガンｘ２","ショベルアーム","３０ｃｍ砲[HE弾]\n３０ｃｍ砲[type3]\n３０ｃｍ砲[APFSDS]\nスモーク・ディスチャージャーｘ２","高性能レーダーLv3\n高性能スコープLv3\n観測情報連結Lv1\n高精度砲撃Lv1\n機体固定装置Lv1\n強化タックルLv3\n変形Lv1"
63,"フルアーマーガンダム",3,2,500,"support",17250,22,22,10,38,12,100,40,5,12,19,17,"○","○","S","weak","２連装ビーム・ライフル","ビーム・サーベル","３６０ｍｍキャノン\n頭部バルカン\nミサイル・ベイ","高性能レーダーLv2\n高性能スコープLv2\n観測情報連結Lv1\n前線維持支援システムLv2\n脚部ショックアブソーバーLv2\n耐爆機構Lv1\n高性能航宙ジンバルLv1"
64,"フルアーマーガンダム",3,1,450,"support",15750,20,20,8,35,10,100,40,4,11,17,15,"○","○","S","weak","２連装ビーム・ライフル","ビーム・サーベル","３６０ｍｍキャノン\n頭部バルカン\nミサイル・ベイ","高性能レーダーLv2\n高性能スコープLv2\n観測情報連結Lv1\n前線維持支援システムLv2\n脚部ショックアブソーバーLv2\n耐爆機構Lv1\n高性能航宙ジンバルLv1"
65,"フルアーマー・ガンダム\n[TB]",3,2,550,"raid",12250,26,26,8,40,15,145,80,6,18,18,19,"×","○","S","normal","２連装ビーム・ライフル[TB]","ビーム・サーベル[TB]","左腕５連装ロケット・ランチャー\n６連装ミサイル・ポッド\nミサイル・ベイ\n大型ビーム砲\nラージシールド[強化型]","格闘連撃制御Lv1\nマニューバーアーマーLv1\n高性能AMBACLv1\n強制噴射装置Lv1\n緊急回避制御Lv1"
66,"フルアーマー・ガンダム\n[TB]",3,1,500,"raid",11000,24,24,6,35,15,145,80,4,15,17,17,"×","○","S","normal","２連装ビーム・ライフル[TB]","ビーム・サーベル[TB]","左腕５連装ロケット・ランチャー\n６連装ミサイル・ポッド\nミサイル・ベイ\n大型ビーム砲\nラージシールド[強化型]","格闘連撃制御Lv1\nマニューバーアーマーLv1\n高性能AMBACLv1\n強制噴射装置Lv1\n緊急回避制御Lv1"
67,"ブルーディスティニー１号機",3,3,450,"raid",12000,10,14,24,9,36,130,40,17,10,5,15,"○","×","G","strong","陸戦型ガンダム用ビーム・ライフル\n１００ｍｍマシンガン[改良型]","ビーム・サーベル[先行型]","頭部バルカン[後期型]\n胸部マシンガンｘ２\n腹部ミサイル・ランチャーｘ２\n陸戦型シールド","高性能バランサーLv1\n格闘連撃制御Lv2\n強制噴射装置Lv1\nマニューバーアーマーLv1\n耐爆機構Lv1\nパワーアクセラレータLv1\n能力UP「EXAM」Lv1"
68,"ブルーディスティニー１号機",3,2,400,"raid",10500,8,12,22,7,33,130,40,16,8,4,14,"○","×","G","strong","陸戦型ガンダム用ビーム・ライフル\n１００ｍｍマシンガン[改良型]","ビーム・サーベル[先行型]","頭部バルカン[後期型]\n胸部マシンガンｘ２\n腹部ミサイル・ランチャーｘ２\n陸戦型シールド","高性能バランサーLv1\n格闘連撃制御Lv2\n強制噴射装置Lv1\nマニューバーアーマーLv1\n耐爆機構Lv1\nパワーアクセラレータLv1\n能力UP「EXAM」Lv1"
69,"ブルーディスティニー１号機",3,1,350,"raid",9250,6,10,20,5,30,130,40,14,7,3,12,"○","×","G","strong","陸戦型ガンダム用ビーム・ライフル\n１００ｍｍマシンガン[改良型]","ビーム・サーベル[先行型]","頭部バルカン[後期型]\n胸部マシンガンｘ２\n腹部ミサイル・ランチャーｘ２\n陸戦型シールド","高性能バランサーLv1\n格闘連撃制御Lv2\n強制噴射装置Lv1\nマニューバーアーマーLv1\n耐爆機構Lv1\nパワーアクセラレータLv1\n能力UP「EXAM」Lv1"
70,"ブルーディスティニー２号機",3,2,450,"raid",13000,14,14,20,12,33,135,45,15,12,5,15,"○","○","S","strong","陸戦型ガンダム用ビーム・ライフル\n１００ｍｍマシンガン[改良型]","ビーム・サーベル[先行型]ｘ２","頭部バルカン[後期型]\n胸部マシンガンｘ２\n腹部マイクロミサイル\nコマンドシールド","緊急回避制御Lv1\n高性能バランサーLv1\n格闘連撃制御Lv1\nマニューバーアーマーLv1\n高性能AMBACLv1\n強制噴射装置Lv1\n能力UP「EXAM」Lv1"
71,"ブルーディスティニー２号機",3,1,400,"raid",12000,12,12,18,10,30,135,45,13,11,4,14,"○","○","S","strong","陸戦型ガンダム用ビーム・ライフル\n１００ｍｍマシンガン[改良型]","ビーム・サーベル[先行型]ｘ２","頭部バルカン[後期型]\n胸部マシンガンｘ２\n腹部マイクロミサイル\nコマンドシールド","緊急回避制御Lv1\n高性能バランサーLv1\n格闘連撃制御Lv1\nマニューバーアーマーLv1\n高性能AMBACLv1\n強制噴射装置Lv1\n能力UP「EXAM」Lv1"
72,"ブルーディスティニー３号機",3,2,450,"general",15000,18,18,12,33,12,130,50,12,15,5,15,"○","○","S","strong","陸戦型ガンダム用ビーム・ライフル\n１００ｍｍマシンガン[改良型]","ビーム・サーベル[先行型]","頭部バルカン[後期型]\n胸部マシンガンｘ２\n腹部マイクロミサイル\n３号機用シールド","緊急回避制御Lv1\n高性能バランサーLv1\n格闘連撃制御Lv1\n高性能AMBACLv1\n強制噴射装置Lv1\n能力UP「EXAM」Lv2"
73,"ブルーディスティニー３号機",3,1,400,"general",13500,16,16,10,30,10,130,50,11,13,4,14,"○","○","S","strong","陸戦型ガンダム用ビーム・ライフル\n１００ｍｍマシンガン[改良型]","ビーム・サーベル[先行型]","頭部バルカン[後期型]\n胸部マシンガンｘ２\n腹部マイクロミサイル\n３号機用シールド","緊急回避制御Lv1\n高性能バランサーLv1\n格闘連撃制御Lv1\n高性能AMBACLv1\n強制噴射装置Lv1\n能力UP「EXAM」Lv2"
74,"プロトタイプガンダム",3,3,450,"raid",17000,16,14,18,9,36,135,55,19,8,5,15,"○","○","","strong","ハイパー・バズーカ\nＰガンダム用ビーム・ライフル","ビーム・サーベルｘ２\nビーム・ジャベリン","頭部バルカン","高性能バランサーLv1\n格闘連撃制御Lv2\nマニューバーアーマーLv1\n脚部ショックアブソーバーLv2\nクイックブーストLv2\n耐爆機構Lv1"
75,"プロトタイプガンダム",3,2,400,"raid",15500,14,12,16,7,33,135,55,17,7,4,14,"○","○","","strong","ハイパー・バズーカ\nＰガンダム用ビーム・ライフル","ビーム・サーベルｘ２\nビーム・ジャベリン","頭部バルカン","高性能バランサーLv1\n格闘連撃制御Lv2\nマニューバーアーマーLv1\n脚部ショックアブソーバーLv2\nクイックブーストLv2\n耐爆機構Lv1"
76,"プロトタイプガンダム",3,1,350,"raid",14000,12,10,14,5,30,135,55,15,6,3,12,"○","○","","strong","ハイパー・バズーカ\nＰガンダム用ビーム・ライフル","ビーム・サーベルｘ２\nビーム・ジャベリン","頭部バルカン","高性能バランサーLv1\n格闘連撃制御Lv2\nマニューバーアーマーLv1\n脚部ショックアブソーバーLv2\nクイックブーストLv2\n耐爆機構Lv1"
77,"ベイルライダー\n[陸戦重装備仕様]",3,1,400,"general",12000,13,13,16,15,25,120,55,11,12,5,14,"○","×","G","normal","ロケット・ランチャー\n陸戦型ガンダム用ビーム・ライフル\nブルパップ・マシンガン","ビーム・サーベル[強化]ｘ２","頭部バルカン[強化型]\n腕部ビーム・ガン\n脚部３連装ミサイル・ポッド\n展開式１８０ｍｍキャノン\nストライカーシールド","緊急回避制御Lv1\n高性能バランサーLv1\n格闘連撃制御Lv1\n高性能レーダーLv2\n高性能スコープLv2\n能力UP「HADES」Lv1"
78,"ペズン・ドワッジ",3,2,450,"general",16000,17,22,11,29,14,145,55,12,12,8,15,"○","○","S","normal","ビーム・バズーカ[改修型]\nＲ・ＤII用ジャイアント・バズ\nアクト・ザク用ブルパップガン","ヒート・サーベル[強化]","胸部ビーム・ガン","緊急回避制御Lv1\n格闘連撃制御Lv1\n高性能AMBACLv1\n高性能スコープLv2\n高性能バランサーLv1\n強制噴射装置Lv1\n強化タックルLv1"
79,"ペズン・ドワッジ",3,1,400,"general",15000,14,19,9,27,13,145,55,11,10,7,14,"○","○","S","normal","ビーム・バズーカ[改修型]\nＲ・ＤII用ジャイアント・バズ\nアクト・ザク用ブルパップガン","ヒート・サーベル[強化]","胸部ビーム・ガン","緊急回避制御Lv1\n格闘連撃制御Lv1\n高性能AMBACLv1\n高性能スコープLv2\n高性能バランサーLv1\n強制噴射装置Lv1\n強化タックルLv1"
80,"ヘビーガンダム",3,1,450,"support",16500,18,21,21,40,0,115,55,10,9,13,15,"○","○","","weak","フレーム・ランチャー[GT]","ビーム・サーベル","頭部バルカン\nビーム・キャノン","高性能レーダーLv2\n観測情報連結Lv1\n脚部ショックアブソーバーLv3\n高性能バランサーLv1\n高性能AMBACLv1\n高性能航宙ジンバルLv1"
81,"マドロック",3,2,500,"support",14000,20,19,16,33,16,125,55,9,12,15,17,"○","○","","weak","マドロック用ビーム・ライフル","マドロック用ビーム・サーベル","３００ｍｍ低反動キャノンｘ２\n頭部バルカン[後期型]\nグレネード・ランチャー\nコマンドシールド","高性能レーダーLv2\n高性能スコープLv2\n観測情報連結Lv1\n高性能バランサーLv1\n耐爆機構Lv1\n高性能航宙ジンバルLv1"
82,"マドロック",3,1,450,"support",13500,17,17,14,31,14,125,55,8,10,14,15,"○","○","","weak","マドロック用ビーム・ライフル","マドロック用ビーム・サーベル","３００ｍｍ低反動キャノンｘ２\n頭部バルカン[後期型]\nグレネード・ランチャー\nコマンドシールド","高性能レーダーLv2\n高性能スコープLv2\n観測情報連結Lv1\n高性能バランサーLv1\n耐爆機構Lv1\n高性能航宙ジンバルLv1"
83,"陸戦強襲型ガンタンク",3,2,450,"support",16000,20,20,8,40,5,100,60,6,12,14,15,"○","×","G","weak","４連装ボップ・ガン","アウターシェル・バレル","２２０ｍｍ滑腔砲[徹甲榴弾]\n２連装改良型ボップ・ガン\n多連装ロケットランチャー\n車載用火炎放射器\n燃料爆雷\nスモーク・ディスチャージャーｘ２","高性能レーダーLv2\n高性能スコープLv2\n観測情報連結Lv1\n変形Lv1\n高精度砲撃Lv1\n機体固定装置Lv1\n強化タックルLv3"
84,"陸戦強襲型ガンタンク",3,1,400,"support",15000,18,18,6,35,5,100,60,5,11,12,14,"○","×","G","weak","４連装ボップ・ガン","アウターシェル・バレル","２２０ｍｍ滑腔砲[徹甲榴弾]\n２連装改良型ボップ・ガン\n多連装ロケットランチャー\n車載用火炎放射器\n燃料爆雷\nスモーク・ディスチャージャーｘ２","高性能レーダーLv2\n高性能スコープLv2\n観測情報連結Lv1\n変形Lv1\n高精度砲撃Lv1\n機体固定装置Lv1\n強化タックルLv3"
85,"G-3ガンダム",3,3,550,"raid",16250,18,18,24,36,19,135,60,17,18,5,19,"○","○","","strong","ハイパー・バズーカｘ２","ビーム・サーベル[強化]","頭部バルカン[後期型]\nビーム・ライフル\nラージシールド","高性能バランサーLv1\n格闘連撃制御Lv1\n強制噴射装置Lv1\n高性能AMBACLv1\nマニューバーアーマーLv1\n脚部ショックアブソーバーLv2"
86,"G-3ガンダム",3,2,500,"raid",14750,16,16,22,33,17,135,60,15,17,4,17,"○","○","","strong","ハイパー・バズーカｘ２","ビーム・サーベル[強化]","頭部バルカン[後期型]\nビーム・ライフル\nラージシールド","高性能バランサーLv1\n格闘連撃制御Lv1\n強制噴射装置Lv1\n高性能AMBACLv1\nマニューバーアーマーLv1\n脚部ショックアブソーバーLv2"
87,"G-3ガンダム",3,1,450,"raid",13000,14,14,20,30,15,135,60,13,16,3,15,"○","○","","strong","ハイパー・バズーカｘ２","ビーム・サーベル[強化]","頭部バルカン[後期型]\nビーム・ライフル\nラージシールド","高性能バランサーLv1\n格闘連撃制御Lv1\n強制噴射装置Lv1\n高性能AMBACLv1\nマニューバーアーマーLv1\n脚部ショックアブソーバーLv2"
88,"アクト・ザク",2,2,400,"general",14500,15,15,12,23,17,135,55,10,13,5,14,"○","○","","normal","アクト・ザク用ビーム・ライフル\nアクト・ザク用ブルパップガン\nザク・バズーカ","アクト・ザク用ビーム・サーベル","ハンド・グレネードＺ","脚部ショックアブソーバーLv2\n緊急回避制御Lv1\n高性能バランサーLv1\n格闘連撃制御Lv1\n高性能レーダーLv1\nアンチステルスLv2"
89,"アクト・ザク",2,1,350,"general",13500,13,13,10,20,15,135,55,9,11,4,12,"○","○","","normal","アクト・ザク用ビーム・ライフル\nアクト・ザク用ブルパップガン\nザク・バズーカ","アクト・ザク用ビーム・サーベル","ハンド・グレネードＺ","脚部ショックアブソーバーLv2\n緊急回避制御Lv1\n高性能バランサーLv1\n格闘連撃制御Lv1\n高性能レーダーLv1\nアンチステルスLv2"
90,"アッガイ",2,4,350,"raid",12750,10,14,12,24,11,125,50,12,9,3,12,"○","×","G","normal","大口径頭部バルカンｘ４","アイアン・ネイル","腕部６連装ミサイル・ランチャー\n腕部メガ粒子砲","格闘連撃制御Lv1\n耐爆機構Lv1\n脚部ショックアブソーバーLv2\nステルスLv3\n緊急回避制御Lv1\n高性能バランサーLv1"
91,"アッガイ",2,3,300,"raid",10500,8,12,10,21,9,125,50,10,8,2,10,"○","×","G","normal","大口径頭部バルカンｘ４","アイアン・ネイル","腕部６連装ミサイル・ランチャー\n腕部メガ粒子砲","格闘連撃制御Lv1\n耐爆機構Lv1\n脚部ショックアブソーバーLv2\nステルスLv2\n緊急回避制御Lv1\n高性能バランサーLv1"
92,"アッガイ",2,2,250,"raid",10000,6,10,8,18,7,125,50,8,7,1,8,"○","×","G","normal","大口径頭部バルカンｘ４","アイアン・ネイル","腕部６連装ミサイル・ランチャー\n腕部メガ粒子砲","格闘連撃制御Lv1\n耐爆機構Lv1\n脚部ショックアブソーバーLv2\nステルスLv2\n緊急回避制御Lv1\n高性能バランサーLv1"
93,"アッガイ",2,1,200,"raid",8500,4,8,6,15,5,125,50,7,5,0,7,"○","×","G","normal","大口径頭部バルカンｘ４","アイアン・ネイル","腕部６連装ミサイル・ランチャー\n腕部メガ粒子砲","格闘連撃制御Lv1\n耐爆機構Lv1\n脚部ショックアブソーバーLv2\nステルスLv2\n緊急回避制御Lv1\n高性能バランサーLv1"
94,"イフリート",2,4,450,"general",15500,18,15,15,11,34,130,50,17,10,5,15,"○","×","G","strong","ショットガン\nジャイアント・バズ\nＭＭＰ－８０マシンガン[GN]","イフリート用ヒート・ソード","頭部バルカン\nスモーク・ディスチャージャー","脚部ショックアブソーバーLv1\nクイックブーストLv2\n緊急回避制御Lv1\n高性能バランサーLv1\n格闘連撃制御Lv1"
95,"イフリート",2,3,400,"general",14000,16,13,13,9,31,130,50,15,9,4,14,"○","×","G","strong","ショットガン\nジャイアント・バズ\nＭＭＰ－８０マシンガン[GN]","イフリート用ヒート・ソード","頭部バルカン\nスモーク・ディスチャージャー","脚部ショックアブソーバーLv1\nクイックブーストLv2\n緊急回避制御Lv1\n高性能バランサーLv1\n格闘連撃制御Lv1"
96,"イフリート",2,2,350,"general",12500,14,11,11,7,28,130,50,13,8,3,12,"○","×","G","strong","ショットガン\nジャイアント・バズ\nＭＭＰ－８０マシンガン[GN]","イフリート用ヒート・ソード","頭部バルカン\nスモーク・ディスチャージャー","脚部ショックアブソーバーLv1\nクイックブーストLv2\n緊急回避制御Lv1\n高性能バランサーLv1\n格闘連撃制御Lv1"
97,"イフリート",2,1,300,"general",11000,12,9,9,5,25,130,50,11,7,2,10,"○","×","G","strong","ショットガン\nジャイアント・バズ\nＭＭＰ－８０マシンガン[GN]","イフリート用ヒート・ソード","頭部バルカン\nスモーク・ディスチャージャー","脚部ショックアブソーバーLv1\nクイックブーストLv2\n緊急回避制御Lv1\n高性能バランサーLv1\n格闘連撃制御Lv1"
98,"イフリート(DS)",2,2,350,"raid",14250,11,11,14,13,32,130,55,12,9,3,12,"○","×","G","strong","ショットガン\nジャイアント・バズ","ヒート・ランサー","頭部バルカン\nスモーク・ディスチャージャー\nハンド・ガトリング","高性能バランサーLv1\n格闘連撃制御Lv2\n耐爆機構Lv1\nマニューバーアーマーLv1\n脚部ショックアブソーバーLv2\n攻撃姿勢制御Lv1"
99,"イフリート(DS)",2,1,300,"raid",13000,9,9,12,12,29,130,55,10,8,2,10,"○","×","G","strong","ショットガン\nジャイアント・バズ","ヒート・ランサー","頭部バルカン\nスモーク・ディスチャージャー\nハンド・ガトリング","高性能バランサーLv1\n格闘連撃制御Lv2\n耐爆機構Lv1\nマニューバーアーマーLv1\n脚部ショックアブソーバーLv2\n攻撃姿勢制御Lv1"
100,"ガッシャ",2,3,450,"general",17000,20,19,19,21,24,115,60,15,7,10,15,"○","○","","strong","特殊ハンマー・ガン","コンバット・ネイル","肩部４連装ミサイル・ポッド","緊急回避制御Lv1\n高性能バランサーLv1\n格闘連撃制御Lv1\n強制噴射装置Lv1\n高性能レーダーLv2\n頭部特殊緩衝材Lv1"
101,"ガッシャ",2,2,400,"general",15500,18,17,17,19,21,115,60,13,6,9,14,"○","○","","strong","特殊ハンマー・ガン","コンバット・ネイル","肩部４連装ミサイル・ポッド","緊急回避制御Lv1\n高性能バランサーLv1\n格闘連撃制御Lv1\n強制噴射装置Lv1\n高性能レーダーLv2\n頭部特殊緩衝材Lv1"
102,"ガッシャ",2,1,350,"general",14000,16,15,15,17,18,115,60,11,5,8,12,"○","○","","strong","特殊ハンマー・ガン","コンバット・ネイル","肩部４連装ミサイル・ポッド","緊急回避制御Lv1\n高性能バランサーLv1\n格闘連撃制御Lv1\n強制噴射装置Lv1\n高性能レーダーLv2\n頭部特殊緩衝材Lv1"
103,"ガンキャノン",2,4,500,"support",15500,20,20,14,39,11,95,50,6,16,14,17,"○","○","","weak","ガンキャノン用ビーム・ライフル","打撃","２４０ｍｍキャノンｘ２\n頭部バルカン\nハンド・グレネードＥ[強化]","高性能レーダーLv2\n高性能スコープLv2\n観測情報連結Lv1\n前線維持支援システムLv2\n対人レーダーLv1\n高性能バランサーLv1\n高性能航宙ジンバルLv1"
104,"ガンキャノン",2,3,450,"support",14000,18,18,12,36,9,95,50,5,15,12,15,"○","○","","weak","ガンキャノン用ビーム・ライフル","打撃","２４０ｍｍキャノンｘ２\n頭部バルカン\nハンド・グレネードＥ[強化]","高性能レーダーLv2\n高性能スコープLv2\n観測情報連結Lv1\n前線維持支援システムLv2\n対人レーダーLv1\n高性能バランサーLv1\n高性能航宙ジンバルLv1"
105,"ガンキャノン",1,2,400,"support",12500,16,16,10,33,7,95,50,4,13,11,14,"○","○","","weak","ガンキャノン用ビーム・ライフル","打撃","２４０ｍｍキャノンｘ２\n頭部バルカン\nハンド・グレネードＥ[強化]","高性能レーダーLv2\n高性能スコープLv2\n観測情報連結Lv1\n前線維持支援システムLv2\n対人レーダーLv1\n高性能バランサーLv1\n高性能航宙ジンバルLv1"
106,"ガンキャノン",1,1,350,"support",11500,14,14,8,30,5,95,50,4,11,9,12,"○","○","","weak","ガンキャノン用ビーム・ライフル","打撃","２４０ｍｍキャノンｘ２\n頭部バルカン\nハンド・グレネードＥ[強化]","高性能レーダーLv2\n高性能スコープLv2\n観測情報連結Lv1\n前線維持支援システムLv2\n対人レーダーLv1\n高性能バランサーLv1\n高性能航宙ジンバルLv1"
107,"ガンキャノンII",2,1,400,"support",13000,14,22,6,30,10,105,55,3,12,13,14,"○","○","","weak","ガンキャノン用ビーム・ライフル","打撃","ビーム・キャノン\n頭部バルカン\nハンド・グレネードＥ[強化]","高性能レーダーLv2\n高性能スコープLv2\n観測情報連結Lv1\nクイックブーストLv2\n空中制御プログラムLv1\n滑空機構Lv2\n高性能バランサーLv1\n高性能航宙ジンバルLv1"
108,"ガンダムEz8",2,4,500,"general",17000,16,18,20,16,34,125,60,17,13,6,17,"○","×","G","strong","ロケット・ランチャー\n陸戦型ガンダム用ビーム・ライフル\n１００ｍｍマシンガン","ビーム・サーベル[先行型強化]","頭部＆胸部バルカン\n陸戦型シールド[改良型]","脚部ショックアブソーバーLv2\nクイックブーストLv2\n緊急回避制御Lv1\n高性能バランサーLv1\n格闘連撃制御Lv1\n高性能レーダーLv1"
109,"ガンダムEz8",2,3,450,"general",16000,14,16,18,14,31,125,60,15,12,5,15,"○","×","G","strong","ロケット・ランチャー\n陸戦型ガンダム用ビーム・ライフル\n１００ｍｍマシンガン","ビーム・サーベル[先行型強化]","頭部＆胸部バルカン\n陸戦型シールド[改良型]","脚部ショックアブソーバーLv2\nクイックブーストLv2\n緊急回避制御Lv1\n高性能バランサーLv1\n格闘連撃制御Lv1\n高性能レーダーLv1"
110,"ガンダムEz8",2,2,400,"general",14500,12,14,16,12,28,125,60,14,10,4,14,"○","×","G","strong","ロケット・ランチャー\n陸戦型ガンダム用ビーム・ライフル\n１００ｍｍマシンガン","ビーム・サーベル[先行型強化]","頭部＆胸部バルカン\n陸戦型シールド[改良型]","脚部ショックアブソーバーLv2\nクイックブーストLv2\n緊急回避制御Lv1\n高性能バランサーLv1\n格闘連撃制御Lv1\n高性能レーダーLv1"
111,"ガンダムEz8",2,1,350,"general",13000,10,12,14,10,25,125,60,12,8,4,12,"○","×","G","strong","ロケット・ランチャー\n陸戦型ガンダム用ビーム・ライフル\n１００ｍｍマシンガン","ビーム・サーベル[先行型強化]","頭部＆胸部バルカン\n陸戦型シールド[改良型]","脚部ショックアブソーバーLv2\nクイックブーストLv2\n緊急回避制御Lv1\n高性能バランサーLv1\n格闘連撃制御Lv1\n高性能レーダーLv1"
112,"ガンタンク",2,3,450,"support",16000,22,31,8,45,0,100,50,3,12,17,15,"○","○","","weak","４連装ボップ・ミサイルｘ２","アウターシェル・バレル","１２０ｍｍキャノン徹甲榴弾ｘ２\n１２０ｍｍキャノン榴散弾ｘ２","高性能レーダーLv2\n高性能スコープLv2\n観測情報連結Lv1\n前線維持支援システムLv2\n対人レーダーLv2\n機体固定装置Lv1\n高精度砲撃Lv1\n高性能航宙ジンバルLv1"
113,"ガンタンク",1,2,400,"support",14500,20,27,6,40,0,100,50,2,10,16,14,"○","○","","weak","４連装ボップ・ミサイルｘ２","アウターシェル・バレル","１２０ｍｍキャノン徹甲榴弾ｘ２\n１２０ｍｍキャノン榴散弾ｘ２","高性能レーダーLv2\n高性能スコープLv2\n観測情報連結Lv1\n前線維持支援システムLv2\n対人レーダーLv2\n機体固定装置Lv1\n高精度砲撃Lv1\n高性能航宙ジンバルLv1"
114,"ガンタンク",1,1,350,"support",13000,18,23,4,35,0,100,50,2,8,14,12,"○","○","","weak","４連装ボップ・ミサイルｘ２","アウターシェル・バレル","１２０ｍｍキャノン徹甲榴弾ｘ２\n１２０ｍｍキャノン榴散弾ｘ２","高性能レーダーLv2\n高性能スコープLv2\n観測情報連結Lv1\n前線維持支援システムLv2\n対人レーダーLv2\n機体固定装置Lv1\n高性能航宙ジンバルLv1"
115,"ギャン・エーオース",2,1,400,"general",14000,12,12,18,15,26,135,55,14,10,4,14,"○","○","S","normal","ジャイアント・バズ\nＲ・ＤII用ジャイアント・バズ","ビーム・ベイオネット","Ｂ・ベイオネット付属ビーム・ガン\nラウンドシールド","脚部ショックアブソーバーLv2\n緊急回避制御Lv1\n高性能バランサーLv1\n格闘連撃制御Lv1\n高性能AMBACLv1\n耐爆機構Lv1"
116,"グフ",2,4,400,"raid",15000,12,8,22,5,35,130,60,15,10,3,14,"○","×","G","strong","フィンガー・バルカン","ヒート・ソード","ヒート・ロッド\nグフシールド","高性能バランサーLv1\n格闘連撃制御Lv2\nマニューバーアーマーLv1\n脚部ショックアブソーバーLv2\nクイックブーストLv2\n耐爆機構Lv1"
117,"グフ",1,3,350,"raid",13000,10,6,20,5,30,130,60,13,9,2,12,"○","×","G","strong","フィンガー・バルカン","ヒート・ソード","ヒート・ロッド\nグフシールド","高性能バランサーLv1\n格闘連撃制御Lv2\nマニューバーアーマーLv1\n脚部ショックアブソーバーLv2\nクイックブーストLv2\n耐爆機構Lv1"
118,"グフ",1,2,300,"raid",12000,8,4,18,5,25,130,60,11,7,2,10,"○","×","G","strong","フィンガー・バルカン","ヒート・ソード","ヒート・ロッド\nグフシールド","高性能バランサーLv1\n格闘連撃制御Lv2\nマニューバーアーマーLv1\n脚部ショックアブソーバーLv1\nクイックブーストLv2\n耐爆機構Lv1"
119,"グフ",1,1,250,"raid",10500,6,2,16,5,20,130,60,10,5,1,8,"○","×","G","strong","フィンガー・バルカン","ヒート・ソード","ヒート・ロッド\nグフシールド","高性能バランサーLv1\n格闘連撃制御Lv2\nマニューバーアーマーLv1\n脚部ショックアブソーバーLv1\nクイックブーストLv2\n耐爆機構Lv1"
120,"グフ・カスタム",2,4,500,"raid",17250,16,14,29,32,18,130,60,18,13,5,17,"○","×","G","strong","ガトリング・シールド","ヒート・ソード[改修型]","ヒート・ロッド[強化型]\n３連装ガトリング砲\nガトリング・シールド","高性能バランサーLv1\n格闘連撃制御Lv2\nマニューバーアーマーLv1\n脚部ショックアブソーバーLv2\nクイックブーストLv2\n耐爆機構Lv1\nパワーアクセラレータLv1"
121,"グフ・カスタム",2,3,450,"raid",16000,14,12,27,29,16,130,60,17,11,4,15,"○","×","G","strong","ガトリング・シールド","ヒート・ソード[改修型]","ヒート・ロッド[強化型]\n３連装ガトリング砲\nガトリング・シールド","高性能バランサーLv1\n格闘連撃制御Lv2\nマニューバーアーマーLv1\n脚部ショックアブソーバーLv2\nクイックブーストLv2\n耐爆機構Lv1\nパワーアクセラレータLv1"
122,"グフ・カスタム",2,2,400,"raid",14500,12,10,25,26,14,130,60,15,10,3,14,"○","×","G","strong","ガトリング・シールド","ヒート・ソード[改修型]","ヒート・ロッド[強化型]\n３連装ガトリング砲\nガトリング・シールド","高性能バランサーLv1\n格闘連撃制御Lv2\nマニューバーアーマーLv1\n脚部ショックアブソーバーLv2\nクイックブーストLv2\n耐爆機構Lv1\nパワーアクセラレータLv1"
123,"グフ・カスタム",2,1,350,"raid",13000,10,8,23,23,12,130,60,14,8,2,12,"○","×","G","strong","ガトリング・シールド","ヒート・ソード[改修型]","ヒート・ロッド[強化型]\n３連装ガトリング砲\nガトリング・シールド","高性能バランサーLv1\n格闘連撃制御Lv2\nマニューバーアーマーLv1\n脚部ショックアブソーバーLv2\nクイックブーストLv2\n耐爆機構Lv1\nパワーアクセラレータLv1"
124,"グフ(VD)",2,3,400,"general",13000,16,11,16,16,23,130,55,13,9,6,14,"○","×","G","normal","ジャイアント・バズ\nＭＭＰ－７８マシンガン[GN]","グフ(VD)用ヒート・ソード","ヒート・ロッド[強化型]\nハンド・ガトリング\nグフシールド","脚部ショックアブソーバーLv2\nクイックブーストLv2\n緊急回避制御Lv2\n高性能バランサーLv1\n格闘連撃制御Lv1\n耐爆機構Lv1"
125,"グフ(VD)",2,2,350,"general",12000,14,9,14,14,20,130,55,11,8,5,12,"○","×","G","normal","ジャイアント・バズ\nＭＭＰ－７８マシンガン[GN]","グフ(VD)用ヒート・ソード","ヒート・ロッド[強化型]\nハンド・ガトリング\nグフシールド","脚部ショックアブソーバーLv2\nクイックブーストLv2\n緊急回避制御Lv2\n高性能バランサーLv1\n格闘連撃制御Lv1\n耐爆機構Lv1"
126,"グフ(VD)",2,1,300,"general",11000,12,7,12,12,17,130,55,9,7,4,10,"○","×","G","normal","ジャイアント・バズ\nＭＭＰ－７８マシンガン[GN]","グフ(VD)用ヒート・ソード","ヒート・ロッド[強化型]\nハンド・ガトリング\nグフシールド","脚部ショックアブソーバーLv2\nクイックブーストLv2\n緊急回避制御Lv2\n高性能バランサーLv1\n格闘連撃制御Lv1\n耐爆機構Lv1"
127,"ゲルググ",2,2,400,"general",15250,18,20,4,28,12,125,60,11,13,4,14,"○","○","","normal","高機動型Ｇ用ロケット・ランチャー\nゲルググ用ビーム・ライフル","ビーム・ナギナタ","ハンド・グレネードＺ\nゲルググシールド","脚部ショックアブソーバーLv2\nクイックブーストLv2\n緊急回避制御Lv1\n高性能バランサーLv1\n格闘連撃制御Lv1"
128,"ゲルググ",2,1,350,"general",14250,16,18,2,25,10,125,60,9,11,4,12,"○","○","","normal","高機動型Ｇ用ロケット・ランチャー\nゲルググ用ビーム・ライフル","ビーム・ナギナタ","ハンド・グレネードＺ\nゲルググシールド","脚部ショックアブソーバーLv2\nクイックブーストLv2\n緊急回避制御Lv1\n高性能バランサーLv1\n格闘連撃制御Lv1"
129,"ゲルググJ",2,1,450,"support",16000,16,21,11,42,3,115,70,7,11,14,15,"○","○","","weak","ビーム・マシンガン","ビーム・サーベルＺ","ビーム・スポットガン\n頭部バルカン[後期型]","高性能レーダーLv3\n高性能スコープLv3\n観測情報連結Lv1\n前線維持支援システムLv2\n脚部ショックアブソーバーLv3\n高性能バランサーLv1\n高性能AMBACLv1\n頭部特殊緩衝材Lv2\n高性能航宙ジンバルLv1"
130,"ゲルググM",2,2,450,"raid",16500,19,17,32,15,30,130,70,13,11,8,15,"○","○","S","strong","ゲルググ用ビーム・ライフル\nＭＭＰ－８０マシンガン[GN]","ゲルググＭ用ビーム・サーベル","腕部１１０ｍｍ速射砲\nスパイク・シールド","高性能バランサーLv1\n格闘連撃制御Lv2\nマニューバーアーマーLv1\n強制噴射装置Lv2\n高性能AMBACLv1\n耐爆機構Lv1\n脚部特殊緩衝材Lv1\n強化タックルLv1"
131,"ゲルググM",2,1,400,"raid",15500,17,15,30,13,27,130,70,11,10,7,14,"○","○","S","strong","ゲルググ用ビーム・ライフル\nＭＭＰ－８０マシンガン[GN]","ゲルググＭ用ビーム・サーベル","腕部１１０ｍｍ速射砲\nスパイク・シールド","高性能バランサーLv1\n格闘連撃制御Lv2\nマニューバーアーマーLv1\n強制噴射装置Lv2\n高性能AMBACLv1\n耐爆機構Lv1\n脚部特殊緩衝材Lv1\n強化タックルLv1"
132,"高機動型ザク",2,3,400,"general",14250,13,13,16,36,4,120,60,9,15,4,14,"○","○","","normal","ザク・バズーカ\nジャイアント・バズ\n簡略式ミサイル・ランチャー","ヒート・ホーク[強化]","クラッカー[強化型]\nザク・マシンガン","脚部ショックアブソーバーLv1\nクイックブーストLv2\n緊急回避制御Lv1\n高性能バランサーLv1\n強制噴射装置Lv1"
133,"高機動型ザク",2,2,350,"general",13000,11,11,14,33,2,120,60,7,13,4,12,"○","○","","normal","ザク・バズーカ\nジャイアント・バズ\n簡略式ミサイル・ランチャー","ヒート・ホーク[強化]","クラッカー[強化型]\nザク・マシンガン","脚部ショックアブソーバーLv1\nクイックブーストLv2\n緊急回避制御Lv1\n高性能バランサーLv1\n強制噴射装置Lv1"
134,"高機動型ザク",2,1,300,"general",11250,9,9,12,30,0,120,60,6,11,3,10,"○","○","","normal","ザク・バズーカ\nジャイアント・バズ\n簡略式ミサイル・ランチャー","ヒート・ホーク[強化]","クラッカー[強化型]\nザク・マシンガン","脚部ショックアブソーバーLv1\nクイックブーストLv2\n緊急回避制御Lv1\n高性能バランサーLv1\n強制噴射装置Lv1"
135,"高機動型ザク後期型",2,2,450,"general",14000,19,19,10,41,4,115,75,8,14,10,15,"○","○","S","normal","ザク・バズーカ\nジャイアント・バズ\n簡略式ミサイル・ランチャー\nＭＭＰ－７８マシンガン[GN]","ヒート・ホーク[強化]","ハンド・グレネードＺ[強化]","緊急回避制御Lv1\n格闘連撃制御Lv1\n強制噴射装置Lv1\n高性能AMBACLv1"
136,"高機動型ザク後期型",2,1,400,"general",12500,17,17,8,38,2,115,75,7,13,8,14,"○","○","S","normal","ザク・バズーカ\nジャイアント・バズ\n簡略式ミサイル・ランチャー\nＭＭＰ－７８マシンガン[GN]","ヒート・ホーク[強化]","ハンド・グレネードＺ[強化]","緊急回避制御Lv1\n格闘連撃制御Lv1\n強制噴射装置Lv1\n高性能AMBACLv1"
137,"サイコミュ高機動試験型",2,2,450,"raid",16500,24,24,20,28,17,140,75,12,8,12,15,"×","○","S","strong","５連装メガ粒子砲ｘ２","打撃[強化型]","有線式メガ粒子砲ｘ２[挟撃]\n有線式メガ粒子砲ｘ２[包囲]","格闘連撃制御Lv1\n緊急回避制御Lv1\n強制噴射装置Lv2\nマニューバーアーマーLv2\n耐爆機構Lv1\n強化タックルLv3"
138,"サイコミュ高機動試験型",2,1,400,"raid",15500,22,22,18,25,15,140,75,10,8,10,14,"×","○","S","strong","５連装メガ粒子砲ｘ２","打撃[強化型]","有線式メガ粒子砲ｘ２[挟撃]\n有線式メガ粒子砲ｘ２[包囲]","格闘連撃制御Lv1\n緊急回避制御Lv1\n強制噴射装置Lv2\nマニューバーアーマーLv2\n耐爆機構Lv1\n強化タックルLv3"
139,"ザクI指揮官仕様",2,3,300,"support",14000,12,10,8,24,6,105,45,6,4,10,10,"○","○","","weak","ザク・バズーカ\nマゼラ・トップ砲[試作型]\nザク・マシンガン","ヒート・ホーク","シュツルム・ファウスト\nスパイク・シールド","高性能レーダーLv2\n高性能スコープLv1\n観測情報連結Lv1\n脚部ショックアブソーバーLv1\n高性能航宙ジンバルLv1"
140,"ザクI指揮官仕様",2,2,250,"support",12500,10,8,6,21,4,105,45,5,3,8,8,"○","○","","weak","ザク・バズーカ\nマゼラ・トップ砲[試作型]\nザク・マシンガン","ヒート・ホーク","シュツルム・ファウスト\nスパイク・シールド","高性能レーダーLv2\n高性能スコープLv1\n観測情報連結Lv1\n脚部ショックアブソーバーLv1\n高性能航宙ジンバルLv1"
141,"ザクI指揮官仕様",2,1,200,"support",10000,8,6,4,18,2,105,45,4,2,6,7,"○","○","","weak","ザク・バズーカ\nマゼラ・トップ砲[試作型]\nザク・マシンガン","ヒート・ホーク","シュツルム・ファウスト\nスパイク・シールド","高性能レーダーLv2\n高性能スコープLv1\n観測情報連結Lv1\n脚部ショックアブソーバーLv1\n高性能航宙ジンバルLv1"
142,"ザクI・スナイパータイプ",2,3,400,"support",16000,17,17,8,40,0,100,45,4,10,14,14,"○","○","","weak","ビーム・スナイパー・ライフル\nマゼラ・トップ砲\nザク・マシンガン[長銃身タイプ]","打撃","打撃\nシュツルム・ファウスト","高性能レーダーLv2\n高性能スコープLv2\n観測情報連結Lv1\n前線維持支援システムLv1\n高性能航宙ジンバルLv1"
143,"ザクI・スナイパータイプ",2,2,350,"support",14500,15,15,6,35,0,100,45,3,8,13,12,"○","○","","weak","ビーム・スナイパー・ライフル\nマゼラ・トップ砲\nザク・マシンガン[長銃身タイプ]","打撃","打撃\nシュツルム・ファウスト","高性能レーダーLv2\n高性能スコープLv2\n観測情報連結Lv1\n前線維持支援システムLv1\n高性能航宙ジンバルLv1"
144,"ザクI・スナイパータイプ",2,1,300,"support",13000,14,13,4,30,0,100,45,2,7,11,10,"○","○","","weak","ビーム・スナイパー・ライフル\nザク・マシンガン[長銃身タイプ]","打撃","頭部バルカン\nシュツルム・ファウスト","高性能レーダーLv2\n高性能スコープLv2\n観測情報連結Lv1\n前線維持支援システムLv1\n高性能航宙ジンバルLv1"
145,"ザクI(GS)",2,3,400,"general",13000,16,9,17,21,19,105,45,13,7,8,14,"○","×","G","normal","ラケーテン・バズ\nＭＭＰ－８０マシンガン\nザク・マシンガン","ヒート・ソード","シュツルム・ファウスト\nスモーク・ディスチャージャー\nグフシールド","脚部ショックアブソーバーLv1\n緊急回避制御Lv1\n高性能バランサーLv1\n観測情報連結Lv1"
146,"ザクI(GS)",2,2,350,"general",12000,14,8,14,18,17,105,45,11,6,7,12,"○","×","G","normal","ラケーテン・バズ\nＭＭＰ－８０マシンガン\nザク・マシンガン","ヒート・ソード","シュツルム・ファウスト\nスモーク・ディスチャージャー\nグフシールド","脚部ショックアブソーバーLv1\n緊急回避制御Lv1\n高性能バランサーLv1\n観測情報連結Lv1"
147,"ザクI(GS)",2,1,300,"general",11000,12,7,11,15,15,105,45,9,5,6,10,"○","×","G","normal","ラケーテン・バズ\nＭＭＰ－８０マシンガン\nザク・マシンガン","ヒート・ソード","シュツルム・ファウスト\nスモーク・ディスチャージャー\nグフシールド","脚部ショックアブソーバーLv1\n緊急回避制御Lv1\n高性能バランサーLv1\n観測情報連結Lv1"
148,"ザクII改",2,4,400,"general",15000,15,15,12,29,11,122,60,9,14,5,14,"○","○","","normal","ザク・バズーカ\nＭＭＰ－８０マシンガン[GN]","ヒート・ホーク","ハンド・グレネードＺ","脚部ショックアブソーバーLv2\nクイックブーストLv2\n緊急回避制御Lv1\n高性能バランサーLv1\n格闘連撃制御Lv1\n前線維持支援システムLv1"
149,"ザクII改",1,3,350,"general",14000,13,13,10,26,9,122,60,8,12,4,12,"○","○","","normal","ザク・バズーカ\nＭＭＰ－８０マシンガン[GN]","ヒート・ホーク","ハンド・グレネードＺ","脚部ショックアブソーバーLv2\nクイックブーストLv2\n緊急回避制御Lv1\n高性能バランサーLv1\n格闘連撃制御Lv1\n前線維持支援システムLv1"
150,"ザクII改",1,2,300,"general",13000,11,11,8,23,7,122,60,7,10,3,10,"○","○","","normal","ザク・バズーカ\nＭＭＰ－８０マシンガン[GN]","ヒート・ホーク","ハンド・グレネードＺ","脚部ショックアブソーバーLv2\nクイックブーストLv2\n緊急回避制御Lv1\n高性能バランサーLv1\n前線維持支援システムLv1"
151,"ザクII改",1,1,250,"general",12000,9,9,6,20,5,122,60,5,9,2,8,"○","○","","normal","ザク・バズーカ\nＭＭＰ－８０マシンガン[GN]","ヒート・ホーク","ハンド・グレネードＺ","脚部ショックアブソーバーLv2\nクイックブーストLv2\n緊急回避制御Lv1\n高性能バランサーLv1\n前線維持支援システムLv1"
152,"ザクII改\n[フリッツヘルム仕様]",2,3,400,"general",15000,15,11,16,12,27,122,65,10,7,11,14,"○","○","","normal","ザク・バズーカ\nＭＭＰ－８０マシンガン[GN]","ヒート・ホーク","シュツルム・ファウスト","脚部ショックアブソーバーLv2\n緊急回避制御Lv2\n高性能バランサーLv1\n格闘連撃制御Lv1\n耐爆機構Lv1\n強化タックルLv3"
153,"ザクII改\n[フリッツヘルム仕様]",2,2,350,"general",14000,13,9,14,11,24,122,65,9,6,9,12,"○","○","","normal","ザク・バズーカ\nＭＭＰ－８０マシンガン[GN]","ヒート・ホーク","シュツルム・ファウスト","脚部ショックアブソーバーLv2\n緊急回避制御Lv1\n高性能バランサーLv1\n格闘連撃制御Lv1\n耐爆機構Lv1\n強化タックルLv3"
154,"ザクII改\n[フリッツヘルム仕様]",2,1,300,"general",13000,11,7,12,9,21,122,65,8,5,7,10,"○","○","","normal","ザク・バズーカ\nＭＭＰ－８０マシンガン[GN]","ヒート・ホーク","シュツルム・ファウスト","脚部ショックアブソーバーLv2\n緊急回避制御Lv1\n高性能バランサーLv1\n格闘連撃制御Lv1\n耐爆機構Lv1\n強化タックルLv3"
155,"ザクII後期型",2,3,400,"general",15000,16,12,14,14,26,122,60,13,9,6,14,"○","○","","normal","ザク・バズーカ\nＭＭＰ－７８マシンガン[GN]\nＭＭＰ－７８ＧＮ[対空砲弾]","ヒート・ホーク[強化]","シュツルム・ファウスト","脚部ショックアブソーバーLv2\nクイックブーストLv3\n緊急回避制御Lv1\n空中制御プログラムLv1\n高性能バランサーLv1\n格闘連撃制御Lv1"
156,"ザクII後期型",2,2,350,"general",13750,14,10,12,12,23,122,60,11,8,5,12,"○","○","","normal","ザク・バズーカ\nＭＭＰ－７８マシンガン[GN]\nＭＭＰ－７８ＧＮ[対空砲弾]","ヒート・ホーク[強化]","シュツルム・ファウスト","脚部ショックアブソーバーLv2\nクイックブーストLv3\n緊急回避制御Lv1\n空中制御プログラムLv1\n高性能バランサーLv1\n格闘連撃制御Lv1"
157,"ザクII後期型",2,1,300,"general",12000,12,8,10,10,20,122,60,10,7,3,10,"○","○","","normal","ザク・バズーカ\nＭＭＰ－７８マシンガン[GN]\nＭＭＰ－７８ＧＮ[対空砲弾]","ヒート・ホーク[強化]","シュツルム・ファウスト","脚部ショックアブソーバーLv2\nクイックブーストLv3\n緊急回避制御Lv1\n空中制御プログラムLv1\n高性能バランサーLv1\n格闘連撃制御Lv1"
158,"ザクIIFS型(SM)",2,3,400,"raid",15500,12,12,18,0,40,130,60,16,9,3,14,"○","○","","strong","ＭＭＰ－８０マシンガン\nザク・マシンガン","大型ヒート・ホーク[強化]","頭部バルカンｘ４","高性能バランサーLv1\nマニューバーアーマーLv1\n攻撃姿勢制御Lv1\n脚部ショックアブソーバーLv3\nパワーアクセラレータLv1"
159,"ザクIIFS型(SM)",2,2,350,"raid",14500,10,10,16,0,35,130,60,14,8,2,12,"○","○","","strong","ＭＭＰ－８０マシンガン\nザク・マシンガン","大型ヒート・ホーク[強化]","頭部バルカンｘ４","高性能バランサーLv1\nマニューバーアーマーLv1\n攻撃姿勢制御Lv1\n脚部ショックアブソーバーLv3\nパワーアクセラレータLv1"
160,"ザクIIFS型(SM)",2,1,300,"raid",13500,8,8,14,0,30,130,60,12,7,1,10,"○","○","","strong","ＭＭＰ－８０マシンガン\nザク・マシンガン","大型ヒート・ホーク[強化]","頭部バルカンｘ４","高性能バランサーLv1\nマニューバーアーマーLv1\n攻撃姿勢制御Lv1\n脚部ショックアブソーバーLv3\nパワーアクセラレータLv1"
161,"ザクIIS型",2,4,350,"general",14500,14,12,10,15,20,120,60,11,9,4,12,"○","○","","strong","ザク・バズーカ\nＭＭＰ－８０マシンガン[GN]\nＭＭＰ－７８マシンガン[GN]","ヒート・ホーク[強化]","クラッカー[強化型]","脚部ショックアブソーバーLv2\nクイックブーストLv2\n緊急回避制御Lv1\n高性能バランサーLv1\nマニューバーアーマーLv1"
162,"ザクIIS型",2,3,300,"general",12750,12,10,8,13,17,120,60,9,8,3,10,"○","○","","strong","ザク・バズーカ\nＭＭＰ－８０マシンガン[GN]\nＭＭＰ－７８マシンガン[GN]","ヒート・ホーク[強化]","クラッカー[強化型]","脚部ショックアブソーバーLv2\nクイックブーストLv2\n緊急回避制御Lv1\n高性能バランサーLv1\nマニューバーアーマーLv1"
163,"ザクIIS型",2,2,250,"general",11000,10,8,6,11,14,120,60,7,7,2,8,"○","○","","strong","ザク・バズーカ\nＭＭＰ－８０マシンガン[GN]\nＭＭＰ－７８マシンガン[GN]","ヒート・ホーク[強化]","クラッカー[強化型]","脚部ショックアブソーバーLv2\nクイックブーストLv2\n緊急回避制御Lv1\n高性能バランサーLv1\nマニューバーアーマーLv1"
164,"ザクIIS型",2,1,200,"general",9750,8,6,4,9,11,120,60,6,5,1,7,"○","○","","strong","ザク・バズーカ\nＭＭＰ－８０マシンガン[GN]\nＭＭＰ－７８マシンガン[GN]","ヒート・ホーク[強化]","クラッカー[強化型]","脚部ショックアブソーバーLv2\nクイックブーストLv2\n緊急回避制御Lv1\n高性能バランサーLv1\nマニューバーアーマーLv1"
165,"ジム・インターセプトカスタムFB",2,2,400,"general",13000,14,14,14,10,10,135,75,12,9,7,14,"×","○","S","normal","ロケット・バズーカｘ２\nハイパー・バズーカｘ２","ジムＩＣ用ビーム・サーベル","頭部バルカン\n多連装ミサイル・ランチャー\nビーム・スプレーガン","強化タックルLv3\nマニューバーアーマーLv1\n格闘連撃制御Lv1\n高性能AMBACLv1\n強制噴射装置Lv1\n観測情報連結Lv1"
166,"ジム・インターセプトカスタムFB",2,1,350,"general",12000,12,12,12,7,8,135,75,10,8,6,12,"×","○","S","normal","ロケット・バズーカｘ２\nハイパー・バズーカｘ２","ジムＩＣ用ビーム・サーベル","頭部バルカン\n多連装ミサイル・ランチャー\nビーム・スプレーガン","強化タックルLv3\nマニューバーアーマーLv1\n格闘連撃制御Lv1\n高性能AMBACLv1\n強制噴射装置Lv1\n観測情報連結Lv1"
167,"ジム改",2,3,300,"general",12500,12,12,12,17,13,110,55,9,8,3,10,"○","○","","normal","ハイパー・バズーカ\nハイパー・バズーカ[改良型]\nビーム・スプレーガン\n２連装ビームガン\nブルパップ・マシンガン","ビーム・サーベル","頭部バルカン\nラージシールド[後期型]","脚部ショックアブソーバーLv1\nクイックブーストLv2\n緊急回避制御Lv1\n高性能バランサーLv1\n対人レーダーLv1"
168,"ジム改",2,2,250,"general",11000,10,10,10,14,11,110,55,7,7,2,8,"○","○","","normal","ハイパー・バズーカ\nハイパー・バズーカ[改良型]\nビーム・スプレーガン\n２連装ビームガン\nブルパップ・マシンガン","ビーム・サーベル","頭部バルカン\nラージシールド[後期型]","脚部ショックアブソーバーLv1\nクイックブーストLv2\n緊急回避制御Lv1\n高性能バランサーLv1\n対人レーダーLv1"
169,"ジム改",2,1,200,"general",9500,8,8,8,11,9,110,55,6,5,1,7,"○","○","","normal","ハイパー・バズーカ\nハイパー・バズーカ[改良型]\nビーム・スプレーガン\n２連装ビームガン\nブルパップ・マシンガン","ビーム・サーベル","頭部バルカン\nラージシールド[後期型]","脚部ショックアブソーバーLv1\nクイックブーストLv2\n緊急回避制御Lv1\n高性能バランサーLv1\n対人レーダーLv1"
170,"ジム・カスタム",2,2,450,"general",13500,18,18,12,33,12,130,60,13,14,5,15,"○","○","G","normal","ハイパー・バズーカ[改良型]\nジム・ライフル","ビーム・サーベル[強化]","頭部バルカン[後期型]\nコマンドシールド","脚部ショックアブソーバーLv3\nクイックブーストLv3\n緊急回避制御Lv2\n高性能バランサーLv1\n格闘連撃制御Lv1\n高性能AMBACLv1\n高性能レーダーLv1\n対人レーダーLv1"
171,"ジム・カスタム",2,1,400,"general",12500,16,16,10,30,10,130,60,12,12,4,14,"○","○","G","normal","ハイパー・バズーカ[改良型]\nジム・ライフル","ビーム・サーベル[強化]","頭部バルカン[後期型]\nコマンドシールド","脚部ショックアブソーバーLv3\nクイックブーストLv3\n緊急回避制御Lv2\n高性能バランサーLv1\n格闘連撃制御Lv1\n高性能AMBACLv1\n高性能レーダーLv1\n対人レーダーLv1"
172,"ジム・ガードカスタム",2,3,400,"raid",13000,11,11,20,14,26,115,65,11,11,6,14,"○","○","S","strong","Ｅ－２ビーム・スプレーガン\nブルパップ・マシンガン","Ｇ・Ｇカスタムビーム・ダガー","肩部バルカン砲ｘ２\nＧシールド内蔵ガトリング\nガーディアン・シールド","高性能バランサーLv1\nマニューバーアーマーLv1\n格闘連撃制御Lv2\n高性能AMBACLv1\n脚部ショックアブソーバーLv2\n耐爆機構Lv1\nダメージコントロールLv1"
173,"ジム・ガードカスタム",2,2,350,"raid",12000,9,9,18,12,23,115,65,9,10,5,12,"○","○","S","strong","Ｅ－２ビーム・スプレーガン\nブルパップ・マシンガン","Ｇ・Ｇカスタムビーム・ダガー","肩部バルカン砲ｘ２\nＧシールド内蔵ガトリング\nガーディアン・シールド","高性能バランサーLv1\nマニューバーアーマーLv1\n格闘連撃制御Lv2\n高性能AMBACLv1\n脚部ショックアブソーバーLv2\n耐爆機構Lv1\nダメージコントロールLv1"
174,"ジム・ガードカスタム",2,1,300,"raid",11000,7,7,16,10,20,115,65,7,9,4,10,"○","○","S","strong","Ｅ－２ビーム・スプレーガン\nブルパップ・マシンガン","Ｇ・Ｇカスタムビーム・ダガー","肩部バルカン砲ｘ２\nＧシールド内蔵ガトリング\nガーディアン・シールド","高性能バランサーLv1\nマニューバーアーマーLv1\n格闘連撃制御Lv2\n高性能AMBACLv1\n脚部ショックアブソーバーLv2\n耐爆機構Lv1\nダメージコントロールLv1"
175,"ジム・ストライカー",2,3,400,"raid",13000,19,13,20,5,35,125,60,17,8,3,14,"○","×","G","strong","１００ｍｍマシンガン\nブルパップ・マシンガン","ツイン・ビーム・スピア\nツイン・ビーム・スピア[サイズ]","頭部バルカン\nビーム・サーベル\nストライカーシールド","高性能バランサーLv1\n格闘連撃制御Lv1\nマニューバーアーマーLv1\n耐爆機構Lv1\nクイックブーストLv1\n爆発反応装甲Lv1"
176,"ジム・ストライカー",2,2,350,"raid",12000,17,11,18,5,30,125,60,15,7,2,12,"○","×","G","strong","１００ｍｍマシンガン\nブルパップ・マシンガン","ツイン・ビーム・スピア\nツイン・ビーム・スピア[サイズ]","頭部バルカン\nビーム・サーベル\nストライカーシールド","高性能バランサーLv1\n格闘連撃制御Lv1\nマニューバーアーマーLv1\n耐爆機構Lv1\nクイックブーストLv1\n爆発反応装甲Lv1"
177,"ジム・ストライカー",2,1,300,"raid",11000,15,9,16,5,25,125,60,13,5,2,10,"○","×","G","strong","１００ｍｍマシンガン\nブルパップ・マシンガン","ツイン・ビーム・スピア\nツイン・ビーム・スピア[サイズ]","頭部バルカン\nビーム・サーベル\nストライカーシールド","高性能バランサーLv1\n格闘連撃制御Lv1\nマニューバーアーマーLv1\n耐爆機構Lv1\nクイックブーストLv1\n爆発反応装甲Lv1"
178,"ジム・スナイパー",2,3,300,"support",14500,10,14,6,30,0,100,45,2,7,11,10,"○","×","G","weak","ロングレンジ・ビーム・ライフル\nミサイル・ランチャー","ビーム・サーベル","ハンド・グレネードＥ","高性能レーダーLv2\n高性能スコープLv2\n観測情報連結Lv1\n前線維持支援システムLv1"
179,"ジム・スナイパー",2,2,250,"support",12750,8,12,4,25,0,100,45,2,5,9,8,"○","×","G","weak","ロングレンジ・ビーム・ライフル\nミサイル・ランチャー","ビーム・サーベル","ハンド・グレネードＥ","高性能レーダーLv2\n高性能スコープLv2\n観測情報連結Lv1\n前線維持支援システムLv1"
180,"ジム・スナイパー",2,1,200,"support",11000,6,10,2,20,0,100,45,1,3,8,7,"○","×","G","weak","ロングレンジ・ビーム・ライフル\nミサイル・ランチャー","ビーム・サーベル","ハンド・グレネードＥ","高性能レーダーLv1\n高性能スコープLv1\n観測情報連結Lv1\n前線維持支援システムLv1"
181,"ジム・スナイパーカスタム",2,3,400,"support",15000,14,16,12,26,14,120,60,6,9,13,14,"○","○","","normal","ハイパー・バズーカ\nＲ－４タイプ・ビーム・ライフル\n２連装ビームガン","ビーム・サーベル・ユニット","ハンド・ビーム・ガン\n頭部バルカン","高性能レーダーLv2\n高性能スコープLv2\n観測情報連結Lv1\n前線維持支援システムLv1\n高性能航宙ジンバルLv1"
182,"ジム・スナイパーカスタム",2,2,350,"support",13500,12,14,10,23,12,120,60,5,8,11,12,"○","○","","normal","ハイパー・バズーカ\nＲ－４タイプ・ビーム・ライフル\n２連装ビームガン","ビーム・サーベル・ユニット","ハンド・ビーム・ガン\n頭部バルカン","高性能レーダーLv2\n高性能スコープLv2\n観測情報連結Lv1\n前線維持支援システムLv1\n高性能航宙ジンバルLv1"
183,"ジム・スナイパーカスタム",2,1,300,"support",12000,10,12,8,0,10,120,60,4,6,10,10,"○","○","","normal","ハイパー・バズーカ\nＲ－４タイプ・ビーム・ライフル\n２連装ビームガン","ビーム・サーベル・ユニット","ハンド・ビーム・ガン\n頭部バルカン","高性能レーダーLv2\n高性能スコープLv2\n観測情報連結Lv1\n前線維持支援システムLv1\n高性能航宙ジンバルLv1"
184,"ジム・スナイパーII",2,2,450,"support",14000,20,20,8,41,4,110,55,4,11,17,15,"○","○","","weak","７５ｍｍスナイパー・ライフル\nビーム・ガン\nブルパップ・マシンガン","ビーム・サーベル[後期型]","ハンド・グレネードＥ[強化]\nコマンドシールド","高性能レーダーLv3\n高性能スコープLv3\n観測情報連結Lv1\n前線維持支援システムLv2\n対人レーダーLv3\n脚部ショックアブソーバーLv2\nクイックブーストLv2\n高性能航宙ジンバルLv1"
185,"ジム・スナイパーII",2,1,400,"support",13000,18,18,6,38,2,110,55,3,10,15,14,"○","○","","weak","７５ｍｍスナイパー・ライフル\nビーム・ガン\nブルパップ・マシンガン","ビーム・サーベル[後期型]","ハンド・グレネードＥ[強化]\nコマンドシールド","高性能レーダーLv3\n高性能スコープLv3\n観測情報連結Lv1\n前線維持支援システムLv2\n対人レーダーLv3\n脚部ショックアブソーバーLv2\nクイックブーストLv2\n高性能航宙ジンバルLv1"
186,"ジム・スナイパーII\n[WD隊仕様]",2,1,400,"general",13000,16,16,10,30,15,125,55,11,6,11,14,"○","×","G","weak","Ｌ・ビーム・ライフル[改修型]\n陸戦型ガンダム用ビーム・ライフル\nロケット・ランチャー\n１００ｍｍマシンガン","ビーム・サーベル[後期型]","頭部バルカンユニット\nハンド・グレネードＥ[強化]\nミドルシールド","脚部ショックアブソーバーLv3\n緊急回避制御Lv1\n高性能バランサーLv1\n格闘連撃制御Lv1\n高性能スコープLv2\n頭部特殊緩衝材Lv1"
187,"ジム\n[WD隊仕様]",2,3,400,"general",14500,13,13,18,20,18,110,55,12,8,4,14,"○","×","G","normal","ロケット・ランチャー\n陸戦型ガンダム用ビーム・ライフル\n初期試作型ビーム・ライフル\nビーム・スプレーガン\n１００ｍｍマシンガン","ビーム・サーベル","頭部バルカン\nハンド・グレネードＥ\n陸戦型シールド","脚部ショックアブソーバーLv2\nクイックブーストLv2\n緊急回避制御Lv1\n高性能バランサーLv1\n格闘連撃制御Lv1"
188,"ジム\n[WD隊仕様]",2,2,350,"general",13250,11,11,16,17,16,110,55,10,7,3,12,"○","×","G","normal","ロケット・ランチャー\n陸戦型ガンダム用ビーム・ライフル\n初期試作型ビーム・ライフル\nビーム・スプレーガン\n１００ｍｍマシンガン","ビーム・サーベル","頭部バルカン\nハンド・グレネードＥ\n陸戦型シールド","脚部ショックアブソーバーLv2\nクイックブーストLv2\n緊急回避制御Lv1\n高性能バランサーLv1\n格闘連撃制御Lv1"
189,"ジム\n[WD隊仕様]",2,1,300,"general",12000,9,9,14,14,14,110,55,8,6,2,10,"○","×","G","normal","ロケット・ランチャー\n陸戦型ガンダム用ビーム・ライフル\n初期試作型ビーム・ライフル\nビーム・スプレーガン\n１００ｍｍマシンガン","ビーム・サーベル","頭部バルカン\nハンド・グレネードＥ\n陸戦型シールド","脚部ショックアブソーバーLv2\nクイックブーストLv2\n緊急回避制御Lv1\n高性能バランサーLv1\n格闘連撃制御Lv1"
190,"ジーライン・スタンダードアーマー",2,2,450,"general",14000,16,16,16,23,22,125,60,11,15,6,15,"○","○","","normal","ショート・ビーム・ライフル","ビーム・サーベル[強化]","頭部バルカン[後期型]\nガトリングスマッシャー・ユニット\nジーラインシールド","脚部ショックアブソーバーLv2\n緊急回避制御Lv1\n高性能AMBACLv1\n高性能バランサーLv1\n格闘連撃制御Lv1"
191,"ジーライン・スタンダードアーマー",2,1,400,"general",13000,14,14,14,20,20,125,60,10,13,5,14,"○","○","","normal","ショート・ビーム・ライフル","ビーム・サーベル[強化]","頭部バルカン[後期型]\nガトリングスマッシャー・ユニット\nジーラインシールド","脚部ショックアブソーバーLv2\n緊急回避制御Lv1\n高性能AMBACLv1\n高性能バランサーLv1\n格闘連撃制御Lv1"
192,"ジーライン・ライトアーマー",2,2,450,"raid",13000,10,10,28,31,14,130,65,15,12,5,15,"○","○","","strong","ヘビー・ライフル","ビーム・サーベル[強化]","頭部バルカン[後期型]\nミサイル・ランチャー・ユニット\nジーラインシールド","緊急回避制御Lv1\n高性能バランサーLv1\n格闘連撃制御Lv2\nマニューバーアーマーLv1\n高性能AMBACLv1\n強制噴射装置Lv2\n脚部ショックアブソーバーLv2"
193,"ジーライン・ライトアーマー",2,1,400,"raid",12000,8,8,26,28,12,130,65,13,11,4,14,"○","○","","strong","ヘビー・ライフル","ビーム・サーベル[強化]","頭部バルカン[後期型]\nミサイル・ランチャー・ユニット\nジーラインシールド","緊急回避制御Lv1\n高性能バランサーLv1\n格闘連撃制御Lv2\nマニューバーアーマーLv1\n高性能AMBACLv1\n強制噴射装置Lv2\n脚部ショックアブソーバーLv2"
194,"ズゴック",2,3,400,"raid",16000,14,15,28,0,40,130,60,17,9,2,14,"○","×","G","strong","クロー・バイス・ビーム","ズゴック用バイス・クロー","６連装ミサイル・ランチャー","高性能バランサーLv1\n格闘連撃制御Lv2\nマニューバーアーマーLv1\n脚部ショックアブソーバーLv2\nクイックブーストLv3\n耐爆機構Lv1\n頭部特殊緩衝材Lv1"
195,"ズゴック",2,2,350,"raid",14500,12,13,26,0,35,130,60,15,7,2,12,"○","×","G","strong","クロー・バイス・ビーム","ズゴック用バイス・クロー","６連装ミサイル・ランチャー","高性能バランサーLv1\n格闘連撃制御Lv2\nマニューバーアーマーLv1\n脚部ショックアブソーバーLv2\nクイックブーストLv3\n耐爆機構Lv1\n頭部特殊緩衝材Lv1"
196,"ズゴック",2,1,300,"raid",13000,10,11,24,0,30,130,60,14,5,1,10,"○","×","G","strong","クロー・バイス・ビーム","ズゴック用バイス・クロー","６連装ミサイル・ランチャー","高性能バランサーLv1\n格闘連撃制御Lv2\nマニューバーアーマーLv1\n脚部ショックアブソーバーLv2\nクイックブーストLv3\n耐爆機構Lv1\n頭部特殊緩衝材Lv1"
197,"スレイヴ・レイス",2,1,350,"general",13000,15,15,12,23,12,120,60,8,12,4,12,"○","×","G","normal","ロケット・ランチャー\n陸戦型ガンダム用ビーム・ライフル\n１００ｍｍマシンガン[改良型]","ビーム・サーベル[先行型]","胸部バルカン\n閃光弾\n陸戦型シールド","脚部ショックアブソーバーLv2\n高性能バランサーLv1\n高性能レーダーLv2\n爆発反応装甲Lv1\nアンチステルスLv2\n偽装伝達装置Lv1"
198,"ゾゴック",2,3,450,"general",16000,26,13,19,14,31,135,55,16,7,9,15,"○","×","G","strong","ブーメラン・カッター","アーム・パンチ","シュツルム・ファウスト[強化型]\nヒート・ソード","脚部ショックアブソーバーLv2\n緊急回避制御Lv1\n高性能バランサーLv1\n格闘連撃制御Lv1\nマニューバーアーマーLv1\n耐爆機構Lv1\n頭部特殊緩衝材Lv1"
199,"ゾゴック",2,2,400,"general",14500,23,12,17,12,28,135,55,14,6,8,14,"○","×","G","strong","ブーメラン・カッター","アーム・パンチ","シュツルム・ファウスト[強化型]\nヒート・ソード","脚部ショックアブソーバーLv2\n緊急回避制御Lv1\n高性能バランサーLv1\n格闘連撃制御Lv1\nマニューバーアーマーLv1\n耐爆機構Lv1\n頭部特殊緩衝材Lv1"
200,"ゾゴック",2,1,350,"general",13600,20,12,15,10,26,135,55,12,5,7,12,"○","×","G","strong","ブーメラン・カッター","アーム・パンチ","シュツルム・ファウスト[強化型]\nヒート・ソード","脚部ショックアブソーバーLv2\n緊急回避制御Lv1\n高性能バランサーLv1\n格闘連撃制御Lv1\nマニューバーアーマーLv1\n耐爆機構Lv1\n頭部特殊緩衝材Lv1"
201,"ヅダ",2,4,400,"raid",14000,12,12,18,35,5,105,70,5,10,13,14,"○","○","","normal","１３５ｍｍ対艦ライフル\nザク・バズーカ\nザク・マシンガン","ヒート・ホーク","シュツルム・ファウスト","強制噴射装置Lv1\nマニューバーアーマーLv1\n強化タックルLv2\nクイックブーストLv2\n緊急回避制御Lv1\n高性能バランサーLv1\n空中制御プログラムLv1"
202,"ヅダ",1,3,350,"raid",13000,10,10,16,30,5,105,70,4,9,11,12,"○","○","","normal","１３５ｍｍ対艦ライフル\nザク・バズーカ\nザク・マシンガン","ヒート・ホーク","シュツルム・ファウスト","強制噴射装置Lv1\nマニューバーアーマーLv1\n強化タックルLv2\nクイックブーストLv2\n緊急回避制御Lv1\n高性能バランサーLv1"
203,"ヅダ",1,2,300,"raid",12250,8,8,14,25,5,105,70,4,7,9,10,"○","○","","normal","１３５ｍｍ対艦ライフル\nザク・バズーカ\nザク・マシンガン","ヒート・ホーク","シュツルム・ファウスト","強制噴射装置Lv1\nマニューバーアーマーLv1\n強化タックルLv1\nクイックブーストLv2\n緊急回避制御Lv1"
204,"ヅダ",1,1,250,"raid",10500,6,6,12,20,5,105,70,3,5,8,8,"○","○","","normal","１３５ｍｍ対艦ライフル\nザク・バズーカ\nザク・マシンガン","ヒート・ホーク","シュツルム・ファウスト","強制噴射装置Lv1\nマニューバーアーマーLv1\n強化タックルLv1\nクイックブーストLv2\n緊急回避制御Lv1"
205,"デザート・ジム",1,3,350,"support",12500,15,12,9,26,9,100,50,14,8,12,12,"○","×","G","weak","レール・キャノン[MP装備]","ビーム・サーベル","","高性能レーダーLv1\n観測情報連結Lv1\n前線維持支援システムLv1\n脚部ショックアブソーバーLv1\nアンチステルスLv1\n耐爆機構Lv1\n爆発反応装甲Lv1"
206,"デザート・ジム",1,2,300,"support",12000,13,10,7,23,7,100,50,3,7,10,10,"○","×","G","weak","レール・キャノン[MP装備]","ビーム・サーベル","","高性能レーダーLv1\n観測情報連結Lv1\n前線維持支援システムLv1\n脚部ショックアブソーバーLv1\nアンチステルスLv1\n耐爆機構Lv1\n爆発反応装甲Lv1"
207,"デザート・ジム",2,1,250,"support",11500,11,8,5,20,5,100,50,2,5,9,8,"○","×","G","weak","レール・キャノン[MP装備]","ビーム・サーベル","","高性能レーダーLv1\n観測情報連結Lv1\n前線維持支援システムLv1\n脚部ショックアブソーバーLv1\nアンチステルスLv1\n耐爆機構Lv1\n爆発反応装甲Lv1"
208,"ドム・キャノン\n[複砲仕様]",2,2,400,"support",15000,21,21,10,33,7,130,40,6,9,13,14,"○","×","G","","高機動型Ｇ用ロケット・ランチャー\nザク・マシンガン","打撃","肩部ツイン・ミドル・キャノン\n腕部ミサイル・ポッド\nクラッカー[強化型]","高性能レーダーLv1\n高性能スコープLv1\n観測情報連結Lv1\n前線維持支援システムLv2\n脚部ショックアブソーバーLv1\n廃熱効率適正化Lv1"
209,"ドム・キャノン\n[複砲仕様]",2,1,350,"support",14000,19,19,8,30,5,130,40,5,8,11,12,"○","×","G","","高機動型Ｇ用ロケット・ランチャー\nザク・マシンガン","打撃","肩部ツイン・ミドル・キャノン\n腕部ミサイル・ポッド\nクラッカー[強化型]","高性能レーダーLv1\n高性能スコープLv1\n観測情報連結Lv1\n前線維持支援システムLv2\n脚部ショックアブソーバーLv1\n廃熱効率適正化Lv1"
210,"ドム高速実験型",2,2,400,"raid",16000,21,21,10,5,35,145,65,17,8,3,14,"○","×","G","strong","ジャイアント・バズ\nＭＭＰ－８０マシンガン[GN]","ヒート・ランサー","スプレッド・ビーム","高性能バランサーLv1\nマニューバーアーマーLv1\n耐爆機構Lv1\n脚部ショックアブソーバーLv3\n脚部特殊緩衝材Lv1\n強化タックルLv2\n強制噴射装置Lv2"
211,"ドム高速実験型",2,1,350,"raid",14500,19,19,8,2,33,145,65,15,7,2,12,"○","×","G","strong","ジャイアント・バズ\nＭＭＰ－８０マシンガン[GN]","ヒート・ランサー","スプレッド・ビーム","高性能バランサーLv1\nマニューバーアーマーLv1\n耐爆機構Lv1\n脚部ショックアブソーバーLv3\n脚部特殊緩衝材Lv1\n強化タックルLv2\n強制噴射装置Lv2"
212,"ドム・トローペン",2,2,400,"general",14250,22,12,13,30,5,140,65,10,14,4,14,"○","×","G","normal","ラケーテン・バズ\nＭＭＰ－７８マシンガン[GN]","ヒート・サーベル","ＭＭＰ－８０マシンガン\nシュツルム・ファウスト[強化型]","脚部ショックアブソーバーLv2\n緊急回避制御Lv1\n高性能バランサーLv1\nマニューバーアーマーLv1\n耐爆機構Lv1\n脚部特殊緩衝材Lv1"
213,"ドム・トローペン",2,1,350,"general",13000,20,10,11,25,5,140,65,8,12,4,12,"○","×","G","normal","ラケーテン・バズ\nＭＭＰ－７８マシンガン[GN]","ヒート・サーベル","ＭＭＰ－８０マシンガン\nシュツルム・ファウスト[強化型]","脚部ショックアブソーバーLv2\n緊急回避制御Lv1\n高性能バランサーLv1\nマニューバーアーマーLv1\n耐爆機構Lv1\n脚部特殊緩衝材Lv1"
214,"ドラッツェ",2,3,300,"raid",12000,15,10,5,6,24,130,80,10,3,7,10,"×","○","S","strong","腕部４０ｍｍバルカン砲","固定式ビーム・サーベル","シュツルム・ファウスト\nドラッツェシールド","マニューバーアーマーLv1\n強制噴射装置Lv1\n高性能AMBACLv1\n緊急回避制御Lv1\n高性能レーダーLv1\n脚部特殊緩衝材Lv1"
215,"ドラッツェ",2,2,250,"raid",10500,12,8,4,4,21,130,80,8,2,6,8,"×","○","S","strong","腕部４０ｍｍバルカン砲","固定式ビーム・サーベル","シュツルム・ファウスト\nドラッツェシールド","マニューバーアーマーLv1\n強制噴射装置Lv1\n高性能AMBACLv1\n緊急回避制御Lv1\n高性能レーダーLv1\n脚部特殊緩衝材Lv1"
216,"ドラッツェ",2,1,200,"raid",9000,9,6,3,2,18,130,80,5,2,5,7,"×","○","S","strong","腕部４０ｍｍバルカン砲","固定式ビーム・サーベル","シュツルム・ファウスト\nドラッツェシールド","マニューバーアーマーLv1\n強制噴射装置Lv1\n高性能AMBACLv1\n緊急回避制御Lv1\n高性能レーダーLv1\n脚部特殊緩衝材Lv1"
217,"ドラッツェ改",2,2,300,"general",9000,14,14,6,18,12,125,60,7,10,3,10,"×","○","S","normal","大型ガトリング砲\nＭＭＰ－７８マシンガン[GN]","固定式ビーム・サーベル","シュツルム・ファウスト[強化型]\nドラッツェシールド","緊急回避制御Lv1\n脚部特殊緩衝材Lv1\n格闘連撃制御Lv1\nマニューバーアーマーLv1\n高性能AMBACLv1"
218,"ドラッツェ改",2,1,250,"general",8000,12,12,4,15,10,125,60,6,8,2,8,"×","○","S","normal","大型ガトリング砲\nＭＭＰ－７８マシンガン[GN]","固定式ビーム・サーベル","シュツルム・ファウスト[強化型]\nドラッツェシールド","緊急回避制御Lv1\n脚部特殊緩衝材Lv1\n格闘連撃制御Lv1\nマニューバーアーマーLv1\n高性能AMBACLv1"
219,"ドワッジ",2,1,450,"raid",17000,20,20,18,33,12,145,60,14,14,4,15,"○","×","G","strong","ジャイアント・バズ(布付き)\nＭＭＰ－７８マシンガン[GN]","ドワッジ用ヒート・サーベル","スプレッド・ビーム\nヒート・トマホーク\n頭部バルカンｘ４","高性能バランサーLv1\n格闘連撃制御Lv2\nマニューバーアーマーLv1\n耐爆機構Lv1\nパワーアクセラレータLv1\n強化タックルLv3\n脚部特殊緩衝材Lv1"
220,"ハイゴッグ",2,2,400,"general",16500,16,19,7,28,12,120,60,9,11,8,14,"○","×","G","strong","ＨＧ用ビーム・カノン","ハイゴッグ用バイス・クロー","魚雷発射管ｘ４\n腹部１２０ｍｍマシンキャノン\nハンド・ミサイル・ユニット","脚部ショックアブソーバーLv2\n緊急回避制御Lv2\n高性能バランサーLv1\nマニューバーアーマーLv1\n格闘連撃制御Lv1"
221,"ハイゴッグ",2,1,350,"general",15000,14,17,5,25,10,120,60,8,9,7,12,"○","×","G","strong","ＨＧ用ビーム・カノン","ハイゴッグ用バイス・クロー","魚雷発射管ｘ４\n腹部１２０ｍｍマシンキャノン\nハンド・ミサイル・ユニット","脚部ショックアブソーバーLv2\n緊急回避制御Lv2\n高性能バランサーLv1\nマニューバーアーマーLv1\n格闘連撃制御Lv1"
222,"パワード・ジム",2,3,450,"general",15250,18,18,12,35,10,125,65,12,15,5,15,"○","○","","normal","ハイパー・バズーカ[改良型]\nジム・ライフル\nブルパップ・マシンガン","ビーム・サーベル[強化]","頭部バルカン[後期型]\nラージシールド[後期型]","脚部ショックアブソーバーLv2\nクイックブーストLv2\n緊急回避制御Lv1\n強化タックルLv1\n空中制御プログラムLv1\n高性能バランサーLv1\n滑空機構Lv2\n格闘連撃制御Lv1"
223,"パワード・ジム",2,2,400,"general",14000,16,16,10,30,10,125,65,11,13,4,14,"○","○","","normal","ハイパー・バズーカ[改良型]\nジム・ライフル\nブルパップ・マシンガン","ビーム・サーベル[強化]","頭部バルカン[後期型]\nラージシールド[後期型]","脚部ショックアブソーバーLv2\nクイックブーストLv2\n緊急回避制御Lv1\n強化タックルLv1\n空中制御プログラムLv1\n高性能バランサーLv1\n滑空機構Lv2\n格闘連撃制御Lv1"
224,"パワード・ジム",2,1,350,"general",12500,14,14,8,25,10,125,65,9,11,4,12,"○","○","","normal","ハイパー・バズーカ[改良型]\nジム・ライフル\nブルパップ・マシンガン","ビーム・サーベル[強化]","頭部バルカン[後期型]\nラージシールド[後期型]","脚部ショックアブソーバーLv2\nクイックブーストLv2\n緊急回避制御Lv1\n強化タックルLv1\n空中制御プログラムLv1\n高性能バランサーLv1\n滑空機構Lv2\n格闘連撃制御Lv1"
225,"ビショップ",2,2,400,"support",15000,22,22,6,33,0,105,50,3,12,13,14,"×","○","S","weak","試作５連装メガ粒子砲ｘ２","打撃","有線式メガ粒子砲ｘ２[挟撃]","高性能レーダーLv3\n高性能スコープLv2\n観測情報連結Lv1\n高性能AMBACLv1\nアンチジャミングLv3\n強制噴射装置Lv1\n高性能航宙ジンバルLv1"
226,"ビショップ",2,1,350,"support",14000,20,20,4,30,0,105,50,3,10,11,12,"×","○","S","weak","試作５連装メガ粒子砲ｘ２","打撃","有線式メガ粒子砲ｘ２[挟撃]","高性能レーダーLv3\n高性能スコープLv2\n観測情報連結Lv1\n高性能AMBACLv1\nアンチジャミングLv3\n強制噴射装置Lv1\n高性能航宙ジンバルLv1"
227,"陸戦型ガンダム",2,4,450,"general",15750,18,14,16,34,11,120,55,10,14,8,15,"○","×","G","normal","ロケット・ランチャー\n陸戦型ガンダム用ビーム・ライフル\n１００ｍｍマシンガン","ビーム・サーベル[先行型]","胸部バルカン砲\n閃光弾\n陸戦型シールド","脚部ショックアブソーバーLv2\nクイックブーストLv2\n緊急回避制御Lv1\n高性能バランサーLv1\n対人レーダーLv1\n格闘連撃制御Lv1"
228,"陸戦型ガンダム",2,3,400,"general",14250,16,12,14,31,9,120,55,9,13,6,14,"○","×","G","normal","ロケット・ランチャー\n陸戦型ガンダム用ビーム・ライフル\n１００ｍｍマシンガン","ビーム・サーベル[先行型]","胸部バルカン砲\n閃光弾\n陸戦型シールド","脚部ショックアブソーバーLv2\nクイックブーストLv2\n緊急回避制御Lv1\n高性能バランサーLv1\n対人レーダーLv1\n格闘連撃制御Lv1"
229,"陸戦型ガンダム",2,2,350,"general",12750,14,10,12,28,7,120,55,8,12,4,12,"○","×","G","normal","ロケット・ランチャー\n陸戦型ガンダム用ビーム・ライフル\n１００ｍｍマシンガン","ビーム・サーベル[先行型]","胸部バルカン砲\n閃光弾\n陸戦型シールド","脚部ショックアブソーバーLv2\nクイックブーストLv2\n緊急回避制御Lv1\n高性能バランサーLv1\n対人レーダーLv1\n格闘連撃制御Lv1"
230,"陸戦型ガンダム",2,1,300,"general",11500,12,8,10,25,5,120,55,7,9,4,10,"○","×","G","normal","ロケット・ランチャー\n陸戦型ガンダム用ビーム・ライフル\n１００ｍｍマシンガン","ビーム・サーベル[先行型]","胸部バルカン砲\n閃光弾\n陸戦型シールド","脚部ショックアブソーバーLv1\nクイックブーストLv1\n緊急回避制御Lv1\n高性能バランサーLv1\n対人レーダーLv1\n格闘連撃制御Lv1"
231,"陸戦型ガンダム\n[WR装備]",2,4,450,"support",16250,18,18,12,34,11,105,45,6,10,16,15,"○","×","G","weak","１８０ｍｍキャノン\nミサイル・ランチャー","ビーム・サーベル[先行型]","胸部バルカン砲\n閃光弾\n陸戦型シールド","高性能レーダーLv2\n高性能スコープLv2\n観測情報連結Lv1\n前線維持支援システムLv2\n対人レーダーLv2\n脚部ショックアブソーバーLv2"
232,"陸戦型ガンダム\n[WR装備]",2,3,400,"support",15250,16,16,10,31,9,105,45,5,9,14,14,"○","×","G","weak","１８０ｍｍキャノン\nミサイル・ランチャー","ビーム・サーベル[先行型]","胸部バルカン砲\n閃光弾\n陸戦型シールド","高性能レーダーLv2\n高性能スコープLv2\n観測情報連結Lv1\n前線維持支援システムLv2\n対人レーダーLv2\n脚部ショックアブソーバーLv2"
233,"陸戦型ガンダム\n[WR装備]",2,2,350,"support",13500,14,14,8,28,7,105,45,4,8,12,12,"○","×","G","weak","１８０ｍｍキャノン\nミサイル・ランチャー","ビーム・サーベル[先行型]","胸部バルカン砲\n閃光弾\n陸戦型シールド","高性能レーダーLv2\n高性能スコープLv2\n観測情報連結Lv1\n前線維持支援システムLv2\n対人レーダーLv2\n脚部ショックアブソーバーLv2"
234,"陸戦型ガンダム\n[WR装備]",2,1,300,"support",12000,12,12,6,25,5,105,45,3,7,10,10,"○","×","G","weak","１８０ｍｍキャノン\nミサイル・ランチャー","ビーム・サーベル[先行型]","胸部バルカン砲\n閃光弾\n陸戦型シールド","高性能レーダーLv2\n高性能スコープLv2\n観測情報連結Lv1\n前線維持支援システムLv2\n対人レーダーLv2\n脚部ショックアブソーバーLv2"
235,"陸戦型ゲルググ",2,1,400,"support",14500,15,19,8,25,15,110,50,6,9,13,14,"○","×","G","normal","ゲルググ用ビーム・ライフル\n陸戦型Ｇ用試作ビーム・ライフル","ビーム・ナギナタ","腕部グレネード・ランチャー\n腕部ガトリング砲\nショートシールド","高性能レーダーLv2\n高性能スコープLv2\n観測情報連結Lv1\n脚部ショックアブソーバーLv2\nクイックブーストLv1\n高性能バランサーLv1\n脚部特殊緩衝材Lv1"
236,"陸戦型ゲルググ(VD)",2,1,400,"general",14000,15,15,12,13,27,130,55,10,9,9,14,"○","×","G","normal","ゲルググ用ビーム・ライフル\nジャイアント・バズ(布付き)","ビーム・ナギナタ","腕部グレネード・ランチャー\n腕部ガトリング砲\nゲルググシールド","脚部ショックアブソーバーLv2\nクイックブーストLv2\n緊急回避制御Lv2\n高性能バランサーLv1\n格闘連撃制御Lv1\n耐爆機構Lv1\n強化タックルLv1"
237,"陸戦高機動型ザク",2,3,400,"general",14500,16,6,20,7,33,125,50,17,7,4,14,"○","×","G","strong","ジャイアント・バズ\nＭＭＰ－８０マシンガン[GN]\nザク・マシンガン[中期型]","ヒート・ホーク[強化]","ハンド・グレネードＺ[強化]","脚部ショックアブソーバーLv1\n緊急回避制御Lv1\nパワーアクセラレータLv1\n高性能バランサーLv1\n格闘連撃制御Lv1"
238,"陸戦高機動型ザク",2,2,350,"general",13000,14,5,17,5,30,125,50,15,6,3,12,"○","×","G","strong","ジャイアント・バズ\nＭＭＰ－８０マシンガン[GN]\nザク・マシンガン[中期型]","ヒート・ホーク[強化]","ハンド・グレネードＺ[強化]","脚部ショックアブソーバーLv1\n緊急回避制御Lv1\nパワーアクセラレータLv1\n高性能バランサーLv1\n格闘連撃制御Lv1"
239,"陸戦高機動型ザク",2,1,300,"general",12000,12,4,14,3,27,125,50,13,5,2,10,"○","×","G","strong","ジャイアント・バズ\nＭＭＰ－８０マシンガン[GN]\nザク・マシンガン[中期型]","ヒート・ホーク[強化]","ハンド・グレネードＺ[強化]","脚部ショックアブソーバーLv1\n緊急回避制御Lv1\nパワーアクセラレータLv1\n高性能バランサーLv1\n格闘連撃制御Lv1"
240,"量産型ガンキャノン",2,3,400,"support",14500,12,21,9,34,6,105,45,4,11,13,14,"○","○","","weak","ブルパップ・マシンガン\n１００ｍｍマシンガンｘ２","打撃","伸縮式２４０ｍｍキャノンｘ２\n頭部バルカン[後期型]","高性能レーダーLv1\n高性能スコープLv1\n観測情報連結Lv1\n前線維持支援システムLv1\n高精度砲撃Lv1\n高性能航宙ジンバルLv1"
241,"量産型ガンキャノン",2,2,350,"support",13000,11,18,7,31,4,105,45,3,10,11,12,"○","○","","weak","ブルパップ・マシンガン\n１００ｍｍマシンガンｘ２","打撃","伸縮式２４０ｍｍキャノンｘ２\n頭部バルカン[後期型]","高性能レーダーLv1\n高性能スコープLv1\n観測情報連結Lv1\n前線維持支援システムLv1\n高精度砲撃Lv1\n高性能航宙ジンバルLv1"
242,"量産型ガンキャノン",2,1,300,"support",11500,10,15,5,28,2,105,45,2,9,9,10,"○","○","","weak","ブルパップ・マシンガン\n１００ｍｍマシンガンｘ２","打撃","伸縮式２４０ｍｍキャノンｘ２\n頭部バルカン[後期型]","高性能レーダーLv1\n高性能スコープLv1\n観測情報連結Lv1\n前線維持支援システムLv1\n高精度砲撃Lv1\n高性能航宙ジンバルLv1"
243,"量産型ガンタンク",2,4,400,"support",15500,29,18,0,40,0,120,30,3,10,15,14,"○","×","G","weak","４連装ガン・ランチャーｘ２","アウターシェル・バレル","１２０ｍｍキャノン徹甲榴弾ｘ２\n１２０ｍｍキャノン榴散弾ｘ２","高性能レーダーLv2\n高性能スコープLv2\n観測情報連結Lv1\n前線維持支援システムLv2\n対人レーダーLv1\n高精度砲撃Lv1\n機体固定装置Lv1"
244,"量産型ガンタンク",1,3,350,"support",14000,26,15,0,35,0,120,30,2,6,14,12,"○","×","G","weak","４連装ガン・ランチャーｘ２","アウターシェル・バレル","１２０ｍｍキャノン徹甲榴弾ｘ２\n１２０ｍｍキャノン榴散弾ｘ２","高性能レーダーLv2\n高性能スコープLv2\n観測情報連結Lv1\n前線維持支援システムLv2\n対人レーダーLv1\n高精度砲撃Lv1\n機体固定装置Lv1"
245,"量産型ガンタンク",1,2,300,"support",12500,23,12,0,30,0,120,30,2,7,11,10,"○","×","G","weak","４連装ガン・ランチャーｘ２","アウターシェル・バレル","１２０ｍｍキャノン徹甲榴弾ｘ２\n１２０ｍｍキャノン榴散弾ｘ２","高性能レーダーLv2\n高性能スコープLv2\n観測情報連結Lv1\n前線維持支援システムLv1\n対人レーダーLv1\n高精度砲撃Lv1\n機体固定装置Lv1"
246,"量産型ガンタンク",1,1,250,"support",11000,20,9,0,25,0,120,30,1,5,10,8,"○","×","G","weak","４連装ガン・ランチャーｘ２","アウターシェル・バレル","１２０ｍｍキャノン徹甲榴弾ｘ２\n１２０ｍｍキャノン榴散弾ｘ２","高性能レーダーLv2\n高性能スコープLv2\n観測情報連結Lv1\n前線維持支援システムLv1\n対人レーダーLv1\n高精度砲撃Lv1\n機体固定装置Lv1"
247,"ギガン",1,3,300,"support",11000,11,8,11,20,10,120,45,8,5,7,10,"○","○","","weak","４連装１２０ｍｍ砲","クローアーム","１８０ｍｍ無反動砲\n同軸機関砲＆頭部バルカンｘ２","高性能レーダーLv1\n高性能スコープLv1\n高性能バランサーLv1\n高性能AMBACLv1\n高性能航宙ジンバルLv1\n観測情報連結Lv1"
248,"ギガン",1,2,250,"support",9000,9,6,9,17,8,120,45,6,4,6,8,"○","○","","weak","４連装１２０ｍｍ砲","クローアーム","１８０ｍｍ無反動砲\n同軸機関砲＆頭部バルカンｘ２","高性能レーダーLv1\n高性能スコープLv1\n高性能バランサーLv1\n高性能AMBACLv1\n高性能航宙ジンバルLv1\n観測情報連結Lv1"
249,"ギガン",1,1,200,"support",7000,7,4,7,14,6,120,45,4,3,5,7,"○","○","","weak","４連装１２０ｍｍ砲","クローアーム","１８０ｍｍ無反動砲\n同軸機関砲＆頭部バルカンｘ２","高性能レーダーLv1\n高性能スコープLv1\n高性能バランサーLv1\n高性能AMBACLv1\n高性能航宙ジンバルLv1\n観測情報連結Lv1"
250,"ゲム・カモフ",1,3,300,"general",12000,8,8,9,18,13,125,55,6,10,4,10,"○","○","","normal","１３５ｍｍ対艦ライフル\n２８０ｍｍバズーカ\n１２０ｍｍマシンガン","ヒート・ホーク","シュツルム・ファウスト\n偽装シールド","脚部ショックアブソーバーLv2\n高性能バランサーLv1\n高性能レーダーLv1\n偽装伝達装置Lv2"
251,"ゲム・カモフ",1,2,250,"general",11000,6,6,6,15,10,125,55,5,8,3,8,"○","○","","normal","１３５ｍｍ対艦ライフル\n２８０ｍｍバズーカ\n１２０ｍｍマシンガン","ヒート・ホーク","シュツルム・ファウスト\n偽装シールド","脚部ショックアブソーバーLv2\n高性能バランサーLv1\n高性能レーダーLv1\n偽装伝達装置Lv2"
252,"ゲム・カモフ",1,1,200,"general",10000,4,4,5,12,9,125,55,4,6,2,7,"○","○","","normal","１３５ｍｍ対艦ライフル\n２８０ｍｍバズーカ\n１２０ｍｍマシンガン","ヒート・ホーク","シュツルム・ファウスト\n偽装シールド","脚部ショックアブソーバーLv2\n高性能バランサーLv1\n高性能レーダーLv1\n偽装伝達装置Lv2"
253,"ザク・キャノン",1,6,400,"support",15500,20,11,11,40,0,90,50,5,12,11,14,"○","×","G","weak","ザク・マシンガン\nＭＭＰ－８０マシンガン","打撃","スモーク・ディスチャージャー\n１８０ｍｍキャノン","高性能レーダーLv3\n高性能スコープLv3\n観測情報連結Lv1\n前線維持支援システムLv1\n対人レーダーLv3\n耐爆機構Lv1"
254,"ザク・キャノン",1,5,350,"support",12500,16,7,7,30,0,85,45,4,8,8,10,"○","×","G","weak","ザク・マシンガン\nＭＭＰ－８０マシンガン","打撃","スモーク・ディスチャージャー\n１８０ｍｍキャノン","高性能レーダーLv2\n高性能スコープLv2\n観測情報連結Lv1\n前線維持支援システムLv1\n対人レーダーLv2"
255,"ザク・キャノン",1,4,300,"support",11000,14,5,5,25,0,85,45,3,7,6,8,"○","×","G","weak","ザク・マシンガン\nＭＭＰ－８０マシンガン","打撃","スモーク・ディスチャージャー\n１８０ｍｍキャノン","高性能レーダーLv2\n高性能スコープLv2\n観測情報連結Lv1\n前線維持支援システムLv1\n対人レーダーLv2"
256,"ザク・キャノン",1,3,250,"support",9500,12,3,3,20,0,85,45,2,5,5,7,"○","×","G","weak","ザク・マシンガン\nＭＭＰ－８０マシンガン","打撃","スモーク・ディスチャージャー\n１８０ｍｍキャノン","高性能レーダーLv1\n高性能スコープLv1\n観測情報連結Lv1\n前線維持支援システムLv1\n対人レーダーLv2"
257,"ザク・キャノン",1,2,200,"support",8000,8,2,2,15,0,85,45,1,3,4,5,"○","×","G","weak","ザク・マシンガン\nＭＭＰ－８０マシンガン","打撃","スモーク・ディスチャージャー\n１８０ｍｍキャノン","高性能レーダーLv1\n高性能スコープLv1\n観測情報連結Lv1\n前線維持支援システムLv1\n対人レーダーLv1"
258,"ザク・キャノン",1,1,150,"support",6500,4,1,1,10,0,85,45,0,2,2,5,"○","×","G","weak","ザク・マシンガン\nＭＭＰ－８０マシンガン","打撃","スモーク・ディスチャージャー\n１８０ｍｍキャノン","高性能レーダーLv1\n高性能スコープLv1\n観測情報連結Lv1\n前線維持支援システムLv1\n対人レーダーLv1"
259,"ザク・タンク\n[砲撃仕様]",1,3,400,"support",15000,24,14,11,40,0,110,40,2,10,16,14,"○","×","G","weak","ＭＭＰ－８０マシンガンｘ２","打撃","１８０ｍｍキャノン[HE弾]\n１８０ｍｍキャノン[type3]\n車載用ミサイル・ランチャー","高性能レーダーLv2\n高性能スコープLv3\n観測情報連結Lv1\n前線維持支援システムLv2\n対人レーダーLv2\n機体固定装置Lv1\n高精度砲撃Lv1"
260,"ザク・タンク\n[砲撃仕様]",1,2,350,"support",13000,20,12,9,35,0,110,40,2,8,14,12,"○","×","G","weak","ＭＭＰ－８０マシンガンｘ２","打撃","１８０ｍｍキャノン[HE弾]\n１８０ｍｍキャノン[type3]\n車載用ミサイル・ランチャー","高性能レーダーLv2\n高性能スコープLv3\n観測情報連結Lv1\n前線維持支援システムLv2\n対人レーダーLv2\n機体固定装置Lv1"
261,"ザク・タンク\n[砲撃仕様]",1,1,300,"support",11000,16,10,7,30,0,110,40,1,7,12,10,"○","×","G","weak","ＭＭＰ－８０マシンガンｘ２","打撃","１８０ｍｍキャノン[HE弾]\n１８０ｍｍキャノン[type3]\n車載用ミサイル・ランチャー","高性能レーダーLv2\n高性能スコープLv3\n観測情報連結Lv1\n前線維持支援システムLv1\n対人レーダーLv2\n機体固定装置Lv1"
262,"ザク・デザートタイプ",1,4,350,"general",11750,15,9,12,13,22,110,50,8,6,10,12,"○","×","G","normal","ザク・バズーカ\nザク・マシンガン","ヒート・ホーク","頭部バルカン\nクラッカー\n腕部ミサイル・ポッド","脚部ショックアブソーバーLv1\nアンチステルスLv1\n緊急回避制御Lv1\n高性能バランサーLv1\n高性能レーダーLv1"
263,"ザク・デザートタイプ",1,3,300,"general",11500,13,7,10,11,19,110,50,7,5,8,10,"○","×","G","normal","ザク・バズーカ\nザク・マシンガン","ヒート・ホーク","頭部バルカン\nクラッカー\n腕部ミサイル・ポッド","脚部ショックアブソーバーLv1\nアンチステルスLv1\n緊急回避制御Lv1\n高性能バランサーLv1\n高性能レーダーLv1"
264,"ザク・デザートタイプ",1,2,250,"general",10750,11,5,8,9,16,110,50,6,4,6,8,"○","×","G","normal","ザク・バズーカ\nザク・マシンガン","ヒート・ホーク","頭部バルカン\nクラッカー\n腕部ミサイル・ポッド","脚部ショックアブソーバーLv1\nアンチステルスLv1\n緊急回避制御Lv1\n高性能バランサーLv1\n高性能レーダーLv1"
265,"ザク・デザートタイプ",1,1,200,"general",9250,9,3,6,7,13,110,50,5,3,4,7,"○","×","G","normal","ザク・バズーカ\nザク・マシンガン","ヒート・ホーク","頭部バルカン\nクラッカー\n腕部ミサイル・ポッド","脚部ショックアブソーバーLv1\nアンチステルスLv1\n緊急回避制御Lv1\n高性能バランサーLv1\n高性能レーダーLv1"
266,"ザク・マインレイヤー",1,3,300,"general",13000,12,11,7,21,9,95,50,7,8,5,10,"×","○","S","normal","ザク・バズーカ\nＭＭＰ－７８マシンガン[GN]","ヒート・ホーク[強化]","機雷散布ポッド","緊急回避制御Lv1\n高性能レーダーLv1\nジャミングLv1"
267,"ザク・マインレイヤー",1,2,250,"general",12000,10,9,5,18,7,95,50,5,7,4,8,"×","○","S","normal","ザク・バズーカ\nＭＭＰ－７８マシンガン[GN]","ヒート・ホーク[強化]","機雷散布ポッド","緊急回避制御Lv1\n高性能レーダーLv1\nジャミングLv1"
268,"ザク・マインレイヤー",1,1,200,"general",11000,8,7,3,15,5,95,50,3,6,3,7,"×","○","S","normal","ザク・バズーカ\nＭＭＰ－７８マシンガン[GN]","ヒート・ホーク[強化]","機雷散布ポッド","緊急回避制御Lv1\n高性能レーダーLv1\nジャミングLv1"
269,"ザクI",1,5,300,"raid",13500,8,8,14,8,22,120,55,12,5,3,10,"○","○","","strong","ザク・バズーカ[最初期型]\nザク・マシンガン[最初期型]","ヒート・ホーク","クラッカー","高性能バランサーLv1\n格闘連撃制御Lv2\n強化タックルLv2\n脚部ショックアブソーバーLv1\nクイックブーストLv2"
270,"ザクI",1,4,250,"raid",11750,6,6,12,6,19,120,55,10,4,2,8,"○","○","","strong","ザク・バズーカ[最初期型]\nザク・マシンガン[最初期型]","ヒート・ホーク","クラッカー","高性能バランサーLv1\n格闘連撃制御Lv2\n強化タックルLv2\n脚部ショックアブソーバーLv1\nクイックブーストLv2"
271,"ザクI",1,3,200,"raid",10500,4,4,10,4,16,120,55,7,3,2,7,"○","○","","strong","ザク・バズーカ[最初期型]\nザク・マシンガン[最初期型]","ヒート・ホーク","クラッカー","高性能バランサーLv1\n格闘連撃制御Lv1\n強化タックルLv2\n脚部ショックアブソーバーLv1\nクイックブーストLv2"
272,"ザクI",1,2,150,"raid",8750,2,2,8,2,13,120,55,5,2,1,5,"○","○","","strong","ザク・バズーカ[最初期型]\nザク・マシンガン[最初期型]","ヒート・ホーク","クラッカー","高性能バランサーLv1\n格闘連撃制御Lv1\n強化タックルLv2\n脚部ショックアブソーバーLv1\nクイックブーストLv2"
273,"ザクI",1,1,100,"raid",7000,1,1,4,0,10,120,55,3,1,0,5,"○","○","","strong","ザク・バズーカ[最初期型]\nザク・マシンガン[最初期型]","ヒート・ホーク","クラッカー","高性能バランサーLv1\n格闘連撃制御Lv1\n強化タックルLv2\n脚部ショックアブソーバーLv1\nクイックブーストLv2"
274,"ザクII",1,5,300,"general",15500,10,10,10,17,13,110,50,8,8,4,10,"○","○","","normal","ザク・バズーカ\nＭＭＰ－８０マシンガン\nザク・マシンガン","ヒート・ホーク","クラッカー","脚部ショックアブソーバーLv1\nクイックブーストLv1\n対人レーダーLv1\n高性能バランサーLv1"
275,"ザクII",1,4,250,"general",14500,8,8,8,14,11,110,50,6,6,4,8,"○","○","","normal","ザク・バズーカ\nＭＭＰ－８０マシンガン\nザク・マシンガン","ヒート・ホーク","クラッカー","脚部ショックアブソーバーLv1\nクイックブーストLv1\n対人レーダーLv1"
276,"ザクII",1,3,200,"general",13000,6,6,6,611,9,110,50,5,4,3,7,"○","○","","normal","ザク・バズーカ\nＭＭＰ－８０マシンガン\nザク・マシンガン","ヒート・ホーク","クラッカー","脚部ショックアブソーバーLv1\nクイックブーストLv1\n対人レーダーLv1"
277,"ザクII",1,2,150,"general",11000,4,4,4,8,7,110,50,3,3,2,5,"○","○","","normal","ザク・バズーカ\nＭＭＰ－８０マシンガン\nザク・マシンガン","ヒート・ホーク","クラッカー","脚部ショックアブソーバーLv1\nクイックブーストLv1\n対人レーダーLv1"
278,"ザクII",1,1,100,"general",9500,2,2,2,5,5,110,50,1,2,1,5,"○","○","","normal","ザク・バズーカ\nＭＭＰ－８０マシンガン\nザク・マシンガン","ヒート・ホーク","クラッカー","脚部ショックアブソーバーLv1\nクイックブーストLv1\n対人レーダーLv1"
279,"ザクIIFS型",1,6,400,"general",14500,16,14,12,5,35,120,50,13,7,8,14,"○","×","G","strong","ザク・バズーカ\nザク・マシンガン","大型ヒート・ホーク","クラッカー\n頭部バルカンｘ４","脚部ショックアブソーバーLv2\n高性能バランサーLv1\n格闘連撃制御Lv1\n高性能レーダーLv1\nパワーアクセラレータLv1\nマニューバーアーマーLv1"
280,"ザクIIFS型",1,5,350,"general",13000,14,12,10,5,30,115,50,10,7,7,12,"○","×","G","strong","ザク・バズーカ\nザク・マシンガン","大型ヒート・ホーク","クラッカー\n頭部バルカンｘ４","脚部ショックアブソーバーLv2\n高性能バランサーLv1\n格闘連撃制御Lv1\n高性能レーダーLv1\nマニューバーアーマーLv1"
281,"ザクIIFS型",1,4,300,"general",12500,12,10,8,5,25,115,50,9,6,5,10,"○","×","G","strong","ザク・バズーカ\nザク・マシンガン","大型ヒート・ホーク","クラッカー\n頭部バルカンｘ４","脚部ショックアブソーバーLv1\n高性能バランサーLv1\n格闘連撃制御Lv1\n高性能レーダーLv1\nマニューバーアーマーLv1"
282,"ザクIIFS型",1,3,250,"general",11000,10,8,6,5,20,110,50,7,5,4,8,"○","×","G","strong","ザク・バズーカ\nザク・マシンガン","大型ヒート・ホーク","クラッカー\n頭部バルカンｘ４","脚部ショックアブソーバーLv1\n高性能バランサーLv1\n格闘連撃制御Lv1\n高性能レーダーLv1\nマニューバーアーマーLv1"
283,"ザクIIFS型",1,2,200,"general",10000,8,6,4,5,15,110,50,6,4,2,7,"○","×","G","strong","ザク・バズーカ\nザク・マシンガン","大型ヒート・ホーク","クラッカー\n頭部バルカンｘ４","脚部ショックアブソーバーLv1\n高性能バランサーLv1\n格闘連撃制御Lv1\nマニューバーアーマーLv1"
284,"ザクIIFS型",1,1,150,"general",8500,6,4,2,5,10,110,50,4,4,0,5,"○","×","G","strong","ザク・バズーカ\nザク・マシンガン","大型ヒート・ホーク","クラッカー\n頭部バルカンｘ４","脚部ショックアブソーバーLv1\n高性能バランサーLv1\n格闘連撃制御Lv1\nマニューバーアーマーLv1"
285,"ザクII\n[重装備仕様]",1,3,300,"support",13000,16,14,10,25,5,95,50,5,9,6,10,"○","×","G","weak","マゼラ・トップ砲[試作型]\nＭＭＰ－８０マシンガン\nザク・マシンガン","ヒート・ホーク","クラッカー\n脚部３連装ミサイル・ポッド\nザクシールド","高性能レーダーLv1\n高性能スコープLv1\n観測情報連結Lv1\nクイックブーストLv1\n頭部特殊緩衝材Lv1"
286,"ザクII\n[重装備仕様]",1,2,250,"support",11500,14,12,8,20,5,95,50,4,7,5,8,"○","×","G","weak","マゼラ・トップ砲[試作型]\nＭＭＰ－８０マシンガン\nザク・マシンガン","ヒート・ホーク","クラッカー\n脚部３連装ミサイル・ポッド\nザクシールド","高性能レーダーLv1\n高性能スコープLv1\n観測情報連結Lv1\nクイックブーストLv1\n頭部特殊緩衝材Lv1"
287,"ザクII\n[重装備仕様]",1,1,200,"support",9000,12,10,6,15,5,95,50,3,5,4,7,"○","×","G","weak","マゼラ・トップ砲[試作型]\nＭＭＰ－８０マシンガン\nザク・マシンガン","ヒート・ホーク","クラッカー\n脚部３連装ミサイル・ポッド\nザクシールド","高性能レーダーLv1\n高性能スコープLv1\n観測情報連結Lv1\nクイックブーストLv1\n頭部特殊緩衝材Lv1"
288,"ジム",1,5,300,"general",13500,10,10,10,17,15,110,50,8,8,4,10,"○","○","","normal","ハイパー・バズーカ\nビーム・スプレーガン\n１００ｍｍマシンガン","ビーム・サーベル","頭部バルカン\nラージシールド","脚部ショックアブソーバーLv1\nクイックブーストLv1\n対人レーダーLv1\n高性能バランサーLv1"
289,"ジム",1,4,250,"general",12750,8,8,8,14,11,110,50,6,6,4,8,"○","○","","normal","ハイパー・バズーカ\nビーム・スプレーガン\n１００ｍｍマシンガン","ビーム・サーベル","頭部バルカン\nラージシールド","脚部ショックアブソーバーLv1\nクイックブーストLv1\n対人レーダーLv1"
290,"ジム",1,3,200,"general",11000,6,6,6,11,9,110,50,5,4,3,7,"○","○","","normal","ハイパー・バズーカ\nビーム・スプレーガン\n１００ｍｍマシンガン","ビーム・サーベル","頭部バルカン\nラージシールド","脚部ショックアブソーバーLv1\nクイックブーストLv1\n対人レーダーLv1"
291,"ジム",1,2,150,"general",9500,4,4,4,8,7,110,50,3,3,2,5,"○","○","","normal","ハイパー・バズーカ\nビーム・スプレーガン\n１００ｍｍマシンガン","ビーム・サーベル","頭部バルカン\nラージシールド","脚部ショックアブソーバーLv1\nクイックブーストLv1\n対人レーダーLv1"
292,"ジム",1,1,100,"general",8000,2,2,2,5,5,110,50,1,2,1,5,"○","○","","normal","ハイパー・バズーカ\nビーム・スプレーガン\n１００ｍｍマシンガン","ビーム・サーベル","頭部バルカン\nラージシールド","脚部ショックアブソーバーLv1\nクイックブーストLv1\n対人レーダーLv1"
293,"ジム寒冷地仕様",1,3,350,"general",12000,19,15,8,30,5,110,45,9,3,12,12,"○","×","G","normal","寒冷地用マシンガン[GN装備]\nブルパップ・マシンガン","ビーム・サーベル","頭部バルカン[後期型]\nラージシールド[後期型]","脚部ショックアブソーバーLv2\nクイックブーストLv1\n高性能バランサーLv1\nマニューバーアーマーLv1\n高性能レーダーLv1"
294,"ジム寒冷地仕様",1,2,300,"general",11000,17,13,6,28,3,110,45,8,2,10,10,"○","×","G","normal","寒冷地用マシンガン[GN装備]\nブルパップ・マシンガン","ビーム・サーベル","頭部バルカン[後期型]\nラージシールド[後期型]","脚部ショックアブソーバーLv2\nクイックブーストLv1\n高性能バランサーLv1\nマニューバーアーマーLv1\n高性能レーダーLv1"
295,"ジム寒冷地仕様",1,1,250,"general",10000,15,11,4,24,1,110,45,6,1,9,8,"○","×","G","normal","寒冷地用マシンガン[GN装備]\nブルパップ・マシンガン","ビーム・サーベル","頭部バルカン[後期型]\nラージシールド[後期型]","脚部ショックアブソーバーLv2\nクイックブーストLv1\n高性能バランサーLv1\nマニューバーアーマーLv1\n高性能レーダーLv1"
296,"ジム・キャノン",1,6,400,"support",13000,20,11,11,40,0,90,50,5,12,11,14,"○","○","","weak","ビーム・スプレーガン\n１００ｍｍマシンガン","打撃","頭部バルカン\n２４０ｍｍキャノン\nラージシールド","高性能レーダーLv3\n高性能スコープLv3\n観測情報連結Lv1\n前線維持支援システムLv1\n対人レーダーLv3\n耐爆機構Lv1\n高性能航宙ジンバルLv1"
297,"ジム・キャノン",1,5,300,"support",10550,16,7,7,30,0,85,45,4,8,8,10,"○","○","","weak","ビーム・スプレーガン\n１００ｍｍマシンガン","打撃","頭部バルカン\n２４０ｍｍキャノン\nラージシールド","高性能レーダーLv2\n高性能スコープLv2\n観測情報連結Lv1\n前線維持支援システムLv1\n対人レーダーLv2\n高性能航宙ジンバルLv1"
298,"ジム・キャノン",1,4,250,"support",9250,14,5,5,25,0,85,45,3,7,6,8,"○","○","","weak","ビーム・スプレーガン\n１００ｍｍマシンガン","打撃","頭部バルカン\n２４０ｍｍキャノン\nラージシールド","高性能レーダーLv2\n高性能スコープLv2\n観測情報連結Lv1\n前線維持支援システムLv1\n対人レーダーLv2\n高性能航宙ジンバルLv1"
299,"ジム・キャノン",1,3,200,"support",8000,12,3,3,20,0,85,45,2,5,5,7,"○","○","","weak","ビーム・スプレーガン\n１００ｍｍマシンガン","打撃","頭部バルカン\n２４０ｍｍキャノン\nラージシールド","高性能レーダーLv1\n高性能スコープLv1\n観測情報連結Lv1\n前線維持支援システムLv1\n対人レーダーLv2\n高性能航宙ジンバルLv1"
300,"ジム・キャノン",1,2,150,"support",6500,8,2,2,15,0,85,45,1,3,4,5,"○","○","","weak","ビーム・スプレーガン\n１００ｍｍマシンガン","打撃","頭部バルカン\n２４０ｍｍキャノン\nラージシールド","高性能レーダーLv1\n高性能スコープLv1\n観測情報連結Lv1\n前線維持支援システムLv1\n対人レーダーLv1\n高性能航宙ジンバルLv1"
301,"ジム・キャノン",1,1,100,"support",5000,4,1,1,10,0,85,45,0,2,2,5,"○","○","","weak","ビーム・スプレーガン\n１００ｍｍマシンガン","打撃","頭部バルカン\n２４０ｍｍキャノン\nラージシールド","高性能レーダーLv1\n高性能スコープLv1\n観測情報連結Lv1\n前線維持支援システムLv1\n対人レーダーLv1\n高性能航宙ジンバルLv1"
302,"ジム・コマンド",1,4,400,"general",13000,11,10,21,16,24,120,55,14,10,4,14,"○","×","G","normal","ハイパー・バズーカ\nビーム・ガン\nブルパップ・マシンガン","ビーム・サーベル[後期型]","頭部バルカン[後期型]\nコマンドシールド","脚部ショックアブソーバーLv2\nクイックブーストLv2\n緊急回避制御Lv1\n高性能バランサーLv1\n格闘連撃制御Lv1"
303,"ジム・コマンド",1,3,350,"general",11500,10,9,18,14,21,120,55,12,8,4,12,"○","×","G","normal","ハイパー・バズーカ\nビーム・ガン\nブルパップ・マシンガン","ビーム・サーベル[後期型]","頭部バルカン[後期型]\nコマンドシールド","脚部ショックアブソーバーLv2\nクイックブーストLv2\n緊急回避制御Lv1\n高性能バランサーLv1\n格闘連撃制御Lv1"
304,"ジム・コマンド",1,2,300,"general",10000,9,8,14,13,18,120,55,10,7,3,10,"○","×","G","normal","ハイパー・バズーカ\nビーム・ガン\nブルパップ・マシンガン","ビーム・サーベル[後期型]","頭部バルカン[後期型]\nコマンドシールド","脚部ショックアブソーバーLv2\nクイックブーストLv2\n緊急回避制御Lv1\n高性能バランサーLv1\n格闘連撃制御Lv1"
305,"ジム・コマンド",1,1,250,"general",8500,8,7,10,11,15,120,55,9,5,2,8,"○","×","G","normal","ハイパー・バズーカ\nビーム・ガン\nブルパップ・マシンガン","ビーム・サーベル[後期型]","頭部バルカン[後期型]\nコマンドシールド","脚部ショックアブソーバーLv2\nクイックブーストLv2\n緊急回避制御Lv1\n高性能バランサーLv1\n格闘連撃制御Lv1"
306,"ジム・コマンド宇宙戦仕様",1,4,400,"general",13000,16,17,10,24,16,120,60,4,10,14,14,"×","○","S","normal","ハイパー・バズーカ\nビーム・ガン\nブルパップ・マシンガン","ビーム・サーベル[後期型]","頭部バルカン[後期型]\nコマンドシールド","緊急回避制御Lv1\n対人レーダーLv1\n格闘連撃制御Lv1\n高性能レーダーLv1\n高性能AMBACLv1"
307,"ジム・コマンド宇宙戦仕様",1,3,350,"general",11500,14,14,8,21,14,120,60,4,8,12,12,"×","○","S","normal","ハイパー・バズーカ\nビーム・ガン\nブルパップ・マシンガン","ビーム・サーベル[後期型]","頭部バルカン[後期型]\nコマンドシールド","緊急回避制御Lv1\n対人レーダーLv1\n格闘連撃制御Lv1\n高性能レーダーLv1"
308,"ジム・コマンド宇宙戦仕様",1,2,300,"general",10000,12,12,6,18,12,120,60,9,3,10,10,"×","○","S","normal","ハイパー・バズーカ\nビーム・ガン\nブルパップ・マシンガン","ビーム・サーベル[後期型]","頭部バルカン[後期型]\nコマンドシールド","緊急回避制御Lv1\n対人レーダーLv1\n格闘連撃制御Lv1\n高性能レーダーLv1"
309,"ジム・コマンド宇宙戦仕様",1,1,250,"general",8500,10,10,4,15,10,120,60,2,5,9,8,"×","○","S","normal","ハイパー・バズーカ\nビーム・ガン\nブルパップ・マシンガン","ビーム・サーベル[後期型]","頭部バルカン[後期型]\nコマンドシールド","緊急回避制御Lv1\n対人レーダーLv1\n格闘連撃制御Lv1\n高性能レーダーLv1"
310,"ジム・トレーナー",1,3,200,"general",10000,6,6,6,16,4,115,50,5,5,2,7,"○","○","","normal","ハイパー・バズーカ\nビーム・スプレーガン\n１００ｍｍマシンガン","ビーム・サーベル","ハンド・グレネードＥ","緊急回避制御Lv1\n高性能バランサーLv1\n格闘連撃制御Lv1\n前線維持支援システムLv1"
311,"ジム・トレーナー",1,2,150,"general",8250,4,4,4,13,2,115,50,4,3,1,5,"○","○","","normal","ハイパー・バズーカ\nビーム・スプレーガン\n１００ｍｍマシンガン","ビーム・サーベル","ハンド・グレネードＥ","緊急回避制御Lv1\n高性能バランサーLv1\n格闘連撃制御Lv1\n前線維持支援システムLv1"
312,"ジム・トレーナー",1,1,100,"general",6750,2,2,2,10,0,115,50,2,2,0,5,"○","○","","normal","ハイパー・バズーカ\nビーム・スプレーガン\n１００ｍｍマシンガン","ビーム・サーベル","ハンド・グレネードＥ","緊急回避制御Lv1\n高性能バランサーLv1\n格闘連撃制御Lv1\n前線維持支援システムLv1"
313,"ジム・ライトアーマー",1,5,300,"raid",11500,7,7,16,8,22,120,55,12,5,3,10,"○","○","","strong","ビーム・ライフル[軽装型]\nビーム・スプレーガン\nブルパップ・マシンガン\n１００ｍｍマシンガン","ビーム・サーベル[改修型]","ハンド・グレネードＥ","高性能バランサーLv1\n格闘連撃制御Lv2\nマニューバーアーマーLv1\n脚部ショックアブソーバーLv1\nクイックブーストLv2"
314,"ジム・ライトアーマー",1,4,250,"raid",10000,5,5,14,6,19,120,55,10,4,2,8,"○","○","","strong","ビーム・ライフル[軽装型]\nビーム・スプレーガン\nブルパップ・マシンガン\n１００ｍｍマシンガン","ビーム・サーベル[改修型]","ハンド・グレネードＥ","高性能バランサーLv1\n格闘連撃制御Lv2\nマニューバーアーマーLv1\n脚部ショックアブソーバーLv1\nクイックブーストLv2"
315,"ジム・ライトアーマー",1,3,200,"raid",8750,3,3,12,4,16,120,55,7,3,2,7,"○","○","","strong","ビーム・ライフル[軽装型]\nビーム・スプレーガン\nブルパップ・マシンガン\n１００ｍｍマシンガン","ビーム・サーベル[改修型]","ハンド・グレネードＥ","高性能バランサーLv1\n格闘連撃制御Lv1\nマニューバーアーマーLv1\n脚部ショックアブソーバーLv1\nクイックブーストLv2"
316,"ジム・ライトアーマー",1,2,150,"raid",7000,2,2,8,2,13,120,55,5,2,1,5,"○","○","","strong","ビーム・ライフル[軽装型]\nビーム・スプレーガン\nブルパップ・マシンガン\n１００ｍｍマシンガン","ビーム・サーベル[改修型]","ハンド・グレネードＥ","高性能バランサーLv1\n格闘連撃制御Lv1\nマニューバーアーマーLv1\n脚部ショックアブソーバーLv1\nクイックブーストLv2"
317,"ジム・ライトアーマー",1,1,100,"raid",5500,1,1,4,0,10,120,55,3,1,0,5,"○","○","","strong","ビーム・ライフル[軽装型]\nビーム・スプレーガン\nブルパップ・マシンガン\n１００ｍｍマシンガン","ビーム・サーベル[改修型]","ハンド・グレネードＥ","高性能バランサーLv1\n格闘連撃制御Lv1\nマニューバーアーマーLv1\n脚部ショックアブソーバーLv1\nクイックブーストLv2"
318,"装甲強化型ジム",1,2,300,"general",11500,12,12,6,23,7,130,55,5,8,7,10,"○","×","G","normal","ハイパー・バズーカ\nビーム・ガン\n１００ｍｍマシンガン","ビーム・サーベル","ハンド・グレネードＥ\nコマンドシールド","脚部ショックアブソーバーLv1\n緊急回避制御Lv1\n高性能バランサーLv1\n格闘連撃制御Lv1\n爆発反応装甲Lv1"
319,"装甲強化型ジム",1,1,250,"general",11000,11,10,4,20,5,130,55,4,7,5,8,"○","×","G","normal","ハイパー・バズーカ\nビーム・ガン\n１００ｍｍマシンガン","ビーム・サーベル","ハンド・グレネードＥ\nコマンドシールド","脚部ショックアブソーバーLv1\n緊急回避制御Lv1\n高性能バランサーLv1\n格闘連撃制御Lv1\n爆発反応装甲Lv1"
320,"ドム",1,3,400,"general",15500,21,15,16,9,31,140,55,14,10,4,14,"○","×","G","normal","ジャイアント・バズ\nザク・マシンガン","ヒート・サーベル","スプレッド・ビーム","脚部ショックアブソーバーLv2\n緊急回避制御Lv1\n強化タックルLv1\n高性能バランサーLv1\n格闘連撃制御Lv1\n脚部特殊緩衝材Lv1"
321,"ドム",1,2,350,"general",13500,19,13,14,7,28,140,55,12,8,4,12,"○","×","G","normal","ジャイアント・バズ\nザク・マシンガン","ヒート・サーベル","スプレッド・ビーム","脚部ショックアブソーバーLv2\n緊急回避制御Lv1\n強化タックルLv1\n高性能バランサーLv1\n格闘連撃制御Lv1\n脚部特殊緩衝材Lv1"
322,"ドム",1,1,300,"general",12500,17,11,12,5,25,140,55,10,7,3,10,"○","×","G","normal","ジャイアント・バズ\nザク・マシンガン","ヒート・サーベル","スプレッド・ビーム","脚部ショックアブソーバーLv1\n緊急回避制御Lv1\n強化タックルLv1\n高性能バランサーLv1\n格闘連撃制御Lv1\n脚部特殊緩衝材Lv1"
323,"陸戦型ジム",1,5,350,"general",13500,19,12,10,30,5,115,50,7,10,7,12,"○","×","G","normal","ロケット・ランチャー\n１００ｍｍマシンガン","ビーム・サーベル[先行型]","ハンド・グレネードＥ\n陸戦型シールド","脚部ショックアブソーバーLv2\nクイックブーストLv2\n緊急回避制御Lv1\n高性能バランサーLv1\n強化タックルLv1"
324,"陸戦型ジム",1,4,300,"general",12500,17,10,8,25,5,115,50,6,9,5,10,"○","×","G","normal","ロケット・ランチャー\n１００ｍｍマシンガン","ビーム・サーベル[先行型]","ハンド・グレネードＥ\n陸戦型シールド","脚部ショックアブソーバーLv2\nクイックブーストLv1\n緊急回避制御Lv1\n高性能バランサーLv1\n強化タックルLv1"
325,"陸戦型ジム",1,3,250,"general",11000,15,8,6,20,5,110,50,5,7,4,8,"○","×","G","normal","ロケット・ランチャー\n１００ｍｍマシンガン","ビーム・サーベル[先行型]","ハンド・グレネードＥ\n陸戦型シールド","脚部ショックアブソーバーLv2\nクイックブーストLv1\n緊急回避制御Lv1\n高性能バランサーLv1\n強化タックルLv1"
326,"陸戦型ジム",1,2,200,"general",9500,13,6,4,15,5,110,50,4,6,2,7,"○","×","G","normal","ロケット・ランチャー\n１００ｍｍマシンガン","ビーム・サーベル[先行型]","ハンド・グレネードＥ\n陸戦型シールド","脚部ショックアブソーバーLv1\nクイックブーストLv1\n緊急回避制御Lv1\n高性能バランサーLv1\n強化タックルLv1"
327,"陸戦型ジム",1,1,150,"general",8000,11,4,2,10,5,110,50,3,4,1,5,"○","×","G","normal","ロケット・ランチャー\n１００ｍｍマシンガン","ビーム・サーベル[先行型]","ハンド・グレネードＥ\n陸戦型シールド","脚部ショックアブソーバーLv1\nクイックブーストLv1\n緊急回避制御Lv1\n高性能バランサーLv1\n強化タックルLv1"
328,"リック・ドム",1,3,400,"general",15500,16,21,15,31,9,140,60,10,14,4,14,"×","○","S","normal","ジャイアント・バズ\nザク・マシンガン","ヒート・サーベル","スプレッド・ビーム","緊急回避制御Lv1\n強化タックルLv1\n対人レーダーLv1\n格闘連撃制御Lv1"
329,"リック・ドム",1,2,350,"general",13500,14,19,13,28,7,140,60,8,12,4,12,"×","○","S","normal","ジャイアント・バズ\nザク・マシンガン","ヒート・サーベル","スプレッド・ビーム","緊急回避制御Lv1\n強化タックルLv1\n対人レーダーLv1\n格闘連撃制御Lv1"
330,"リック・ドム",1,1,300,"general",12500,12,17,11,25,5,140,60,7,10,3,10,"×","○","S","normal","ジャイアント・バズ\nザク・マシンガン","ヒート・サーベル","スプレッド・ビーム","緊急回避制御Lv1\n強化タックルLv1\n対人レーダーLv1\n格闘連撃制御Lv1"
331,"リック・ドムII",1,2,400,"general",15000,18,18,11,21,19,140,55,8,14,6,14,"○","○","S","normal","Ｒ・ＤII用ジャイアント・バズ\nＭＭＰ－８０マシンガン[GN]","ヒート・サーベル","胸部ビーム・ガン\nシュツルム・ファウスト","緊急回避制御Lv1\n脚部特殊緩衝材Lv1\n高性能バランサーLv1\n格闘連撃制御Lv1\n高性能AMBACLv1\n強制噴射装置Lv1"
332,"リック・ドムII",1,1,350,"general",13000,16,16,9,18,17,140,55,7,12,5,12,"○","○","S","normal","Ｒ・ＤII用ジャイアント・バズ\nＭＭＰ－８０マシンガン[GN]","ヒート・サーベル","胸部ビーム・ガン\nシュツルム・ファウスト","緊急回避制御Lv1\n脚部特殊緩衝材Lv1\n高性能バランサーLv1\n格闘連撃制御Lv1\n高性能AMBACLv1\n強制噴射装置Lv1"
333,"ガンダム試作１号機Ｆｂ",3,1,550,"general",15000,22,22,16,33,22,135,75,13,18,9,19,"×","○","S","strong","試作１号機用ビーム・ライフル\n試作大型ビーム・ライフル\nブルパップ・マシンガン","ビーム・サーベル[強化II型]","頭部バルカン[後期型]\nガンダム試作１号機シールド","緊急回避制御Lv2\n高性能AMBACLv1\n強制噴射装置Lv2\n格闘連撃制御Lv1\n高性能レーダーLv2\n高性能スコープLv2\n索敵並列処理装置Lv1\nオーバーブーストLv1"
334,"ジム・キャノンII",2,2,450,"support",16500,29,29,15,23,7,90,45,6,11,15,15,"○","○","","weak","ジム・ライフル","ビーム・サーベル[強化]","頭部バルカン[後期型]\n肩部ビーム・キャノンｘ２\nコマンドシールド","高性能レーダーLv2\n高性能スコープLv1\n観測情報連結Lv1\n前線維持支援システムLv1\n脚部ショックアブソーバーLv3\n爆発反応装甲Lv1\n脚部特殊緩衝材Lv1\n高性能航宙ジンバルLv1"
335,"ジム・キャノンII",2,1,400,"support",15000,27,27,13,20,5,90,45,5,10,13,14,"○","○","","weak","ジム・ライフル","ビーム・サーベル[強化]","頭部バルカン[後期型]\n肩部ビーム・キャノンｘ２\nコマンドシールド","高性能レーダーLv2\n高性能スコープLv1\n観測情報連結Lv1\n前線維持支援システムLv1\n脚部ショックアブソーバーLv3\n爆発反応装甲Lv1\n脚部特殊緩衝材Lv1\n高性能航宙ジンバルLv1"
