"body","name","level","power","range","limit_type","ammo/heat_rate","type","focus","asl"
"G-3ガンダム","ビーム・ライフル",3,1100,400,"heat",55,"beam","○","×"
"G-3ガンダム","ビーム・ライフル",2,1050,400,"heat",55,"beam","○","×"
"G-3ガンダム","ビーム・ライフル",1,1000,400,"heat",55,"beam","○","×"
"G-3ガンダム","ラージシールド",3,3000,"L","","","shield","",""
"G-3ガンダム","ラージシールド",2,2750,"L","","","shield","",""
"G-3ガンダム","ラージシールド",1,2500,"L","","","shield","",""
"G-3ガンダム","頭部バルカン[後期型]",3,73,150,"bullet",30,"ammo","×","○"
"G-3ガンダム","頭部バルカン[後期型]",2,70,150,"bullet",30,"ammo","×","○"
"G-3ガンダム","頭部バルカン[後期型]",1,67,150,"bullet",30,"ammo","×","○"
"アクト・ザク","ハンド・グレネードＺ",3,1230,150,"bullet",3,"other","×","×"
"アクト・ザク","ハンド・グレネードＺ",2,1165,150,"bullet",3,"other","×","×"
"アクト・ザク","ハンド・グレネードＺ",1,1100,150,"bullet",3,"other","×","×"
"アクト・ザク\n[指揮官仕様]","ハンド・グレネードＺ",3,1230,150,"bullet",3,"other","×","×"
"アクト・ザク\n[指揮官仕様]","ハンド・グレネードＺ",2,1165,150,"bullet",3,"other","×","×"
"アクト・ザク\n[指揮官仕様]","ハンド・グレネードＺ",1,1100,150,"bullet",3,"other","×","×"
"アッガイ","腕部メガ粒子砲",4,1150,300,"heat",65,"beam","×","×"
"アッガイ","腕部メガ粒子砲",3,1100,300,"heat",65,"beam","×","×"
"アッガイ","腕部メガ粒子砲",2,1050,300,"heat",65,"beam","×","×"
"アッガイ","腕部メガ粒子砲",1,1000,300,"heat",65,"beam","×","×"
"アッガイ","腕部６連装ミサイル・ランチャー",4,275,300,"bullet",12,"ammo","×","×"
"アッガイ","腕部６連装ミサイル・ランチャー",3,250,300,"bullet",12,"ammo","×","×"
"アッガイ","腕部６連装ミサイル・ランチャー",2,225,300,"bullet",12,"ammo","×","×"
"アッガイ","腕部６連装ミサイル・ランチャー",1,200,300,"bullet",12,"ammo","×","×"
"アレックス","アレックスシールド",3,3600,"L","","","shield","",""
"アレックス","アレックスシールド",2,3300,"L","","","shield","",""
"アレックス","アレックスシールド",1,3000,"L","","","shield","",""
"アレックス","腕部９０ｍｍガトリング砲",3,138,150,"bullet",45,"ammo","×","○"
"アレックス","腕部９０ｍｍガトリング砲",2,131,150,"bullet",45,"ammo","×","○"
"アレックス","腕部９０ｍｍガトリング砲",1,125,150,"bullet",45,"ammo","×","○"
"アレックス","頭部バルカン[後期型]",3,73,150,"bullet",30,"ammo","×","○"
"アレックス","頭部バルカン[後期型]",2,70,150,"bullet",30,"ammo","×","○"
"アレックス","頭部バルカン[後期型]",1,67,150,"bullet",30,"ammo","×","○"
"イフリート","スモーク・ディスチャージャー",4,0,5,"bullet",1,"ammo","×","×"
"イフリート","スモーク・ディスチャージャー",3,0,5,"bullet",1,"ammo","×","×"
"イフリート","スモーク・ディスチャージャー",2,0,5,"bullet",1,"ammo","×","×"
"イフリート","スモーク・ディスチャージャー",1,0,5,"bullet",1,"ammo","×","×"
"イフリート","頭部バルカン",4,80,150,"bullet",30,"ammo","×","○"
"イフリート","頭部バルカン",3,77,150,"bullet",30,"ammo","×","○"
"イフリート","頭部バルカン",2,73,150,"bullet",30,"ammo","×","○"
"イフリート","頭部バルカン",1,70,150,"bullet",30,"ammo","×","○"
"イフリート(DS)","スモーク・ディスチャージャー",3,0,5,"bullet",1,"ammo","×","×"
"イフリート(DS)","スモーク・ディスチャージャー",2,0,5,"bullet",1,"ammo","×","×"
"イフリート(DS)","スモーク・ディスチャージャー",1,0,5,"bullet",1,"ammo","×","×"
"イフリート(DS)","ハンド・ガトリング",3,137,150,"bullet",30,"ammo","×","○"
"イフリート(DS)","ハンド・ガトリング",2,131,150,"bullet",30,"ammo","×","○"
"イフリート(DS)","ハンド・ガトリング",1,125,150,"bullet",30,"ammo","×","○"
"イフリート(DS)","頭部バルカン",3,77,150,"bullet",30,"ammo","×","○"
"イフリート(DS)","頭部バルカン",2,73,150,"bullet",30,"ammo","×","○"
"イフリート(DS)","頭部バルカン",1,70,150,"bullet",30,"ammo","×","○"
"イフリート・ナハト","コールド・クナイ",3,900,250,"bullet",2,"other","×","×"
"イフリート・ナハト","コールド・クナイ",2,850,250,"bullet",2,"other","×","×"
"イフリート・ナハト","コールド・クナイ",1,800,250,"bullet",2,"other","×","×"
"イフリート・ナハト","コールド・クナイｘ２",3,950,150,"bullet",2,"other","×","×"
"イフリート・ナハト","コールド・クナイｘ２",2,900,150,"bullet",2,"other","×","×"
"イフリート・ナハト","コールド・クナイｘ２",1,850,150,"bullet",2,"other","×","×"
"イフリート改","脚部ミサイルポッド",3,317,300,"bullet",12,"ammo","×","×"
"イフリート改","脚部ミサイルポッド",2,303,300,"bullet",12,"ammo","×","×"
"イフリート改","脚部ミサイルポッド",1,289,300,"bullet",12,"ammo","×","×"
"ガッシャ","肩部４連装ミサイル・ポッド",3,440,300,"bullet",8,"ammo","×","×"
"ガッシャ","肩部４連装ミサイル・ポッド",2,420,300,"bullet",8,"ammo","×","×"
"ガッシャ","肩部４連装ミサイル・ポッド",1,400,300,"bullet",8,"ammo","×","×"
"ガルバルディα","ガルバルディα用シールド",3,4200,"L","","","shield","",""
"ガルバルディα","ガルバルディα用シールド",2,3850,"L","","","shield","",""
"ガルバルディα","ガルバルディα用シールド",1,3500,"L","","","shield","",""
"ガルバルディα","シュツルム・ファウスト",3,2640,200,"bullet",1,"ammo","×","×"
"ガルバルディα","シュツルム・ファウスト",2,2520,200,"bullet",1,"ammo","×","×"
"ガルバルディα","シュツルム・ファウスト",1,2400,200,"bullet",1,"ammo","×","×"
"ガンキャノン","ハンド・グレネードＥ[強化]",4,1295,150,"bullet",3,"other","×","×"
"ガンキャノン","ハンド・グレネードＥ[強化]",3,1230,150,"bullet",3,"other","×","×"
"ガンキャノン","ハンド・グレネードＥ[強化]",2,1165,150,"bullet",3,"other","×","×"
"ガンキャノン","ハンド・グレネードＥ[強化]",1,1100,150,"bullet",3,"other","×","×"
"ガンキャノン","頭部バルカン",4,57,150,"bullet",30,"ammo","×","○"
"ガンキャノン","頭部バルカン",3,55,150,"bullet",30,"ammo","×","○"
"ガンキャノン","頭部バルカン",2,52,150,"bullet",30,"ammo","×","○"
"ガンキャノン","頭部バルカン",1,50,150,"bullet",30,"ammo","×","○"
"ガンキャノン","２４０ｍｍキャノンｘ２",4,805,550,"bullet",12,"ammo","×","×"
"ガンキャノン","２４０ｍｍキャノンｘ２",3,770,550,"bullet",12,"ammo","×","×"
"ガンキャノン","２４０ｍｍキャノンｘ２",2,735,550,"bullet",12,"ammo","×","×"
"ガンキャノン","２４０ｍｍキャノンｘ２",1,700,550,"bullet",12,"ammo","×","×"
"ガンキャノンII","ハンド・グレネードＥ[強化]",1,1100,150,"bullet",3,"other","×","×"
"ガンキャノンII","ビーム・キャノン",1,2500,700,"heat",85,"beam","◎","×"
"ガンキャノンII","頭部バルカン",1,50,150,"bullet",30,"ammo","×","○"
"ガンキャノン[SML装備]","ハンド・グレネードＥ[強化]",1,1100,150,"bullet",3,"other","×","×"
"ガンキャノン[SML装備]","頭部バルカン",1,50,150,"bullet",30,"ammo","×","○"
"ガンキャノン[SML装備]","Ｓ・ミサイル・ランチャーｘ２",1,170,400,"bullet",30,"ammo","×","○"
"ガンキャノン重装型タイプＤ","ハンド・グレネードＥ[強化]",2,1165,150,"bullet",3,"ammo","×","×"
"ガンキャノン重装型タイプＤ","ハンド・グレネードＥ[強化]",1,1100,150,"bullet",3,"ammo","×","×"
"ガンキャノン重装型タイプＤ","肩部キャノンｘ２",2,891,450,"bullet",8,"ammo","×","×"
"ガンキャノン重装型タイプＤ","肩部キャノンｘ２",1,850,450,"bullet",8,"ammo","×","×"
"ガンキャノン重装型タイプＤ","陸戦型シールド",2,2530,"S","","","","",""
"ガンキャノン重装型タイプＤ","陸戦型シールド",1,2300,"S","","","","",""
"ガンキャノン重装型タイプＤ","頭部バルカン",2,52,150,"bullet",30,"ammo","×","○"
"ガンキャノン重装型タイプＤ","頭部バルカン",1,50,150,"bullet",30,"ammo","×","○"
"ガンタンク","１２０ｍｍキャノン徹甲榴弾ｘ２",3,935,750,"bullet",12,"ammo","×","×"
"ガンタンク","１２０ｍｍキャノン徹甲榴弾ｘ２",2,892,750,"bullet",12,"ammo","×","×"
"ガンタンク","１２０ｍｍキャノン徹甲榴弾ｘ２",1,850,750,"bullet",12,"ammo","×","×"
"ガンタンク","１２０ｍｍキャノン榴散弾ｘ２",3,660,450,"bullet",6,"ammo","×","×"
"ガンタンク","１２０ｍｍキャノン榴散弾ｘ２",2,630,450,"bullet",6,"ammo","×","×"
"ガンタンク","１２０ｍｍキャノン榴散弾ｘ２",1,600,450,"bullet",6,"ammo","×","×"
"ガンダム","ラージシールド",4,3250,"L","","","shield","",""
"ガンダム","ラージシールド",3,3000,"L","","","shield","",""
"ガンダム","ラージシールド",2,2750,"L","","","shield","",""
"ガンダム","ラージシールド",1,2500,"L","","","shield","",""
"ガンダム","頭部バルカン",4,57,150,"bullet",30,"ammo","×","○"
"ガンダム","頭部バルカン",3,55,150,"bullet",30,"ammo","×","○"
"ガンダム","頭部バルカン",2,52,150,"bullet",30,"ammo","×","○"
"ガンダム","頭部バルカン",1,50,150,"bullet",30,"ammo","×","○"
"ガンダムEz8","陸戦型シールド[改良型]",4,3250,"M","","","shield","",""
"ガンダムEz8","陸戦型シールド[改良型]",3,3000,"M","","","shield","",""
"ガンダムEz8","陸戦型シールド[改良型]",2,2750,"M","","","shield","",""
"ガンダムEz8","陸戦型シールド[改良型]",1,2500,"M","","","shield","",""
"ガンダムEz8","頭部＆胸部バルカン",4,69,200,"bullet",30,"ammo","×","○"
"ガンダムEz8","頭部＆胸部バルカン",3,66,200,"bullet",30,"ammo","×","○"
"ガンダムEz8","頭部＆胸部バルカン",2,63,200,"bullet",30,"ammo","×","○"
"ガンダムEz8","頭部＆胸部バルカン",1,60,200,"bullet",30,"ammo","×","○"
"ガンダムMk-II","Mk-IIシールド",2,3750,"L","","","shield","",""
"ガンダムMk-II","Mk-IIシールド",1,3500,"L","","","shield","",""
"ガンダムMk-II","バルカン・ポッド・システム",2,95,180,"bullet",90,"ammo","×","○"
"ガンダムMk-II","バルカン・ポッド・システム",1,90,180,"bullet",90,"ammo","×","○"
"ガンダムMk-II","拳部トリモチ・ランチャー",2,315,200,"bullet",1,"ammo","×","×"
"ガンダムMk-II","拳部トリモチ・ランチャー",1,300,200,"bullet",1,"ammo","×","×"
"ガンダムピクシー","ハンド・グレネードＥ[強化II型]",3,1540,150,"bullet",3,"other","×","×"
"ガンダムピクシー","ハンド・グレネードＥ[強化II型]",2,1470,150,"bullet",3,"other","×","×"
"ガンダムピクシー","ハンド・グレネードＥ[強化II型]",1,1400,150,"bullet",3,"other","×","×"
"ガンダムピクシー","頭部バルカン",3,55,150,"bullet",30,"ammo","×","○"
"ガンダムピクシー","頭部バルカン",2,52,150,"bullet",30,"ammo","×","○"
"ガンダムピクシー","頭部バルカン",1,50,150,"bullet",30,"ammo","×","○"
"ガンダム試作１号機","ガンダム試作１号機シールド",1,4000,"L","","","shield","",""
"ガンダム試作１号機","頭部バルカン[後期型]",1,67,150,"bullet",30,"ammo","×","○"
"ガンダム試作１号機Ｆｂ","ガンダム試作１号機シールド",1,4000,"L","","","shield","",""
"ガンダム試作１号機Ｆｂ","頭部バルカン[後期型]",1,67,150,"bullet",30,"ammo","×","○"
"ガンダム試作２号機\n[BB仕様]","ラジエーターシールド",1,20000,"LL","","","shield","",""
"ガンダム試作２号機\n[BB仕様]","頭部バルカン[強化II型]",1,90,200,"bullet",60,"ammo","×","○"
"ガンダム試作２号機\n[MLRS]","ラジエーターシールド",1,20000,"LL","","","shield","",""
"ガンダム試作２号機\n[MLRS]","試作２号機用MLRS[垂直発射]",1,1600,550,"bullet",6,"ammo","×","×"
"ガンダム試作２号機\n[MLRS]","頭部バルカン[強化II型]",1,90,200,"bullet",60,"ammo","×","○"
"ガンダム試作３号機\nステイメン","ステイメン用ビーム・ライフル",1,1200,400,"bullet",3,"beam","×","×"
"ガンダム試作３号機\nステイメン","フォールディング・シールド",1,2500,"L","","","shield","",""
"ガンダム試作４号機","ガーベラシールド",1,3500,"L","","","shield","",""
"ガンダム試作４号機","試作４号機用ビーム・ライフル",1,600,400,"bullet",5,"beam","×","×"
"ガンダム４号機","スライドシールド",2,3850,"L","","","shield","",""
"ガンダム４号機","スライドシールド",1,3500,"L","","","shield","",""
"ガンダム４号機","ビーム・ガン・ユニット",2,210,150,"heat",20,"beam","×","○"
"ガンダム４号機","ビーム・ガン・ユニット",1,200,150,"heat",20,"beam","×","○"
"ガンダム４号機","メガ・ビーム・ランチャー",2,6825,800,"heat",100,"beam","◎","×"
"ガンダム４号機","メガ・ビーム・ランチャー",1,6500,800,"heat",100,"beam","◎","×"
"ガンダム４号機","頭部バルカン",2,52,150,"bullet",30,"ammo","×","○"
"ガンダム４号機","頭部バルカン",1,50,150,"bullet",30,"ammo","×","○"
"ガンダム５号機","ジャイアント・ガトリング",2,131,450,"",150,"ammo","",""
"ガンダム５号機","ジャイアント・ガトリング",1,125,450,"",150,"ammo","",""
"ガンダム５号機","スライドシールド",2,3850,"L","","","shield","",""
"ガンダム５号機","スライドシールド",1,3500,"L","","","shield","",""
"ガンダム５号機","ビーム・ガン・ユニット",2,210,150,"heat",20,"beam","×","○"
"ガンダム５号機","ビーム・ガン・ユニット",1,200,150,"heat",20,"beam","×","○"
"ガンダム５号機","頭部バルカン",2,52,150,"bullet",30,"ammo","×","○"
"ガンダム５号機","頭部バルカン",1,50,150,"bullet",30,"ammo","×","○"
"ガンナーガンダム","頭部バルカン[後期型]",2,70,150,"bullet",30,"ammo","×","○"
"ガンナーガンダム","頭部バルカン[後期型]",1,67,150,"bullet",30,"ammo","×","○"
"ガーベラ・テトラ","腕部１１０ｍｍ機関砲",1,180,200,"bullet",30,"ammo","×","○"
"ギガン","同軸機関砲＆頭部バルカンｘ２",3,88,150,"bullet",30,"ammo","×","○"
"ギガン","同軸機関砲＆頭部バルカンｘ２",2,84,150,"bullet",30,"ammo","×","○"
"ギガン","同軸機関砲＆頭部バルカンｘ２",1,80,150,"bullet",30,"ammo","×","○"
"ギガン","１８０ｍｍ無反動砲",3,1430,500,"bullet",8,"ammo","×","×"
"ギガン","１８０ｍｍ無反動砲",2,1365,500,"bullet",8,"ammo","×","×"
"ギガン","１８０ｍｍ無反動砲",1,1300,500,"bullet",8,"ammo","×","×"
"ギャン","ハイドボンブ",3,1100,100,"bullet",4,"other","×","×"
"ギャン","ハイドボンブ",2,1050,100,"bullet",4,"other","×","×"
"ギャン","ハイドボンブ",1,1000,100,"bullet",4,"other","",""
"ギャン・エーオース","ラウンドシールド",3,4200,"S","","","shield","×","×"
"ギャン・エーオース","ラウンドシールド",2,3850,"S","","","shield","×","×"
"ギャン・エーオース","ラウンドシールド",1,3500,"S","","","shield","×","×"
"ギャン・エーオース","Ｂ・ベイオネット付属ビーム・ガン",3,550,250,"heat",25,"beam","×","○"
"ギャン・エーオース","Ｂ・ベイオネット付属ビーム・ガン",2,525,250,"heat",25,"beam","×","○"
"ギャン・エーオース","Ｂ・ベイオネット付属ビーム・ガン",1,500,250,"heat",25,"beam","×","○"
"グフ","グフシールド",4,3250,"M","","","shield","",""
"グフ","グフシールド",3,3000,"M","","","shield","",""
"グフ","グフシールド",2,2750,"M","","","shield","",""
"グフ","グフシールド",1,2500,"M","","","shield","",""
"グフ","ヒート・ロッド",4,775,"","","","melee","",""
"グフ","ヒート・ロッド",3,765,"","","","melee","",""
"グフ","ヒート・ロッド",2,757,"","","","melee","",""
"グフ","ヒート・ロッド",1,750,"","","","melee","",""
"グフ(VD)","グフシールド",3,3000,"M","","","shield","",""
"グフ(VD)","グフシールド",2,2750,"M","","","shield","",""
"グフ(VD)","グフシールド",1,2500,"M","","","shield","",""
"グフ(VD)","ハンド・ガトリング",3,137,150,"bullet",30,"ammo","×","○"
"グフ(VD)","ハンド・ガトリング",2,131,150,"bullet",30,"ammo","×","○"
"グフ(VD)","ハンド・ガトリング",1,125,150,"bullet",30,"ammo","×","○"
"グフ(VD)","ヒート・ロッド[強化型]",3,1760,"","","","melee","",""
"グフ(VD)","ヒート・ロッド[強化型]",2,1680,"","","","melee","",""
"グフ(VD)","ヒート・ロッド[強化型]",1,1600,"","","","melee","",""
"グフ・カスタム","ガトリング・シールド",4,3250,"M","","","shield","",""
"グフ・カスタム","ガトリング・シールド",3,3000,"M","","","shield","",""
"グフ・カスタム","ガトリング・シールド",2,2750,"M","","","shield","",""
"グフ・カスタム","ガトリング・シールド",1,2500,"M","","","shield","",""
"グフ・カスタム","ヒート・ロッド[強化型]",4,1840,"","","","melee","",""
"グフ・カスタム","ヒート・ロッド[強化型]",3,1760,"","","","melee","",""
"グフ・カスタム","ヒート・ロッド[強化型]",2,1680,"","","","melee","",""
"グフ・カスタム","ヒート・ロッド[強化型]",1,1600,"","","","melee","",""
"グフ・カスタム","３連装ガトリング砲",4,92,150,"bullet",30,"ammo","×","○"
"グフ・カスタム","３連装ガトリング砲",3,88,150,"bullet",30,"ammo","×","○"
"グフ・カスタム","３連装ガトリング砲",2,84,150,"bullet",30,"ammo","×","○"
"グフ・カスタム","３連装ガトリング砲",1,80,150,"bullet",30,"ammo","×","○"
"グフ飛行試験型","脚部ロケット砲",2,310,350,"bullet",8,"ammo","×","×"
"グフ飛行試験型","脚部ロケット砲",1,300,350,"bullet",8,"ammo","×","×"
"グフ飛行試験型","５連装フィンガー・バルカン砲ｘ２",2,125,275,"bullet",60,"ammo","×","○"
"グフ飛行試験型","５連装フィンガー・バルカン砲ｘ２",1,100,275,"bullet",60,"ammo","×","○"
"ケンプファー","シュツルム・ファウストｘ２",3,1650,200,"bullet",2,"ammo","×","×"
"ケンプファー","シュツルム・ファウストｘ２",2,1575,200,"bullet",2,"ammo","×","×"
"ケンプファー","シュツルム・ファウストｘ２",1,1500,200,"bullet",2,"ammo","×","×"
"ケンプファー","背部ジャイアント・バズｘ２",3,1030,300,"bullet",10,"ammo","×","×"
"ケンプファー","背部ジャイアント・バズｘ２",2,963,300,"bullet",10,"ammo","×","×"
"ケンプファー","背部ジャイアント・バズｘ２",1,900,300,"bullet",10,"ammo","×","×"
"ケンプファー","頭部バルカン[後期型]",3,88,150,"bullet",80,"ammo","×","○"
"ケンプファー","頭部バルカン[後期型]",2,84,150,"bullet",80,"ammo","×","○"
"ケンプファー","頭部バルカン[後期型]",1,80,150,"bullet",80,"ammo","×","○"
"ゲム・カモフ","シュツルム・ファウスト",3,1870,200,"bullet",1,"ammo","×","×"
"ゲム・カモフ","シュツルム・ファウスト",2,1785,200,"bullet",1,"ammo","×","×"
"ゲム・カモフ","シュツルム・ファウスト",1,1700,200,"bullet",1,"ammo","×","×"
"ゲム・カモフ","偽装シールド",3,3600,"L","","","shield","",""
"ゲム・カモフ","偽装シールド",2,3300,"L","","","shield","",""
"ゲム・カモフ","偽装シールド",1,3000,"L","","","shield","",""
"ゲルググ","ゲルググシールド",2,4400,"L","","","shield","",""
"ゲルググ","ゲルググシールド",1,4000,"L","","","shield","",""
"ゲルググ","ハンド・グレネードＺ",2,1165,150,"bullet",3,"other","×","×"
"ゲルググ","ハンド・グレネードＺ",1,1100,150,"bullet",3,"other","×","×"
"ゲルググJ","ビーム・スポットガン",3,274,200,"heat",15,"beam","×","○"
"ゲルググJ","ビーム・スポットガン",2,262,200,"heat",15,"beam","×","○"
"ゲルググJ","ビーム・スポットガン",1,250,200,"heat",15,"beam","×","○"
"ゲルググJ","頭部バルカン[後期型]",3,88,150,"bullet",80,"ammo","×","○"
"ゲルググJ","頭部バルカン[後期型]",2,84,150,"bullet",80,"ammo","×","○"
"ゲルググJ","頭部バルカン[後期型]",1,80,150,"bullet",80,"ammo","×","○"
"ゲルググM","スパイク・シールド",2,2750,"S","","","shield","",""
"ゲルググM","スパイク・シールド",1,2500,"S","","","shield","",""
"ゲルググM","腕部１１０ｍｍ速射砲",2,160,130,"bullet",30,"ammo","×","○"
"ゲルググM","腕部１１０ｍｍ速射砲",1,150,130,"bullet",30,"ammo","×","○"
"ゲルググ・キャノン","肩部ビーム・キャノン",3,3300,500,"heat",100,"beam","×","×"
"ゲルググ・キャノン","肩部ビーム・キャノン",2,3150,500,"heat",100,"beam","×","×"
"ゲルググ・キャノン","肩部ビーム・キャノン",1,3000,500,"heat",100,"beam","×","×"
"ゲルググ・キャノン","腕部３連装ミサイル・ランチャー",3,385,250,"bullet",3,"ammo","×","×"
"ゲルググ・キャノン","腕部３連装ミサイル・ランチャー",2,367,250,"bullet",3,"ammo","×","×"
"ゲルググ・キャノン","腕部３連装ミサイル・ランチャー",1,350,250,"bullet",3,"ammo","×","×"
"ゲルググＭ指揮官機","ゲルググＭ指揮官機シールド",2,3850,"L","","","shield","",""
"ゲルググＭ指揮官機","ゲルググＭ指揮官機シールド",1,3500,"L","","","shield","",""
"ゲルググＭ指揮官機","腕部１１０ｍｍ速射砲",2,160,130,"bullet",30,"ammo","×","○"
"ゲルググＭ指揮官機","腕部１１０ｍｍ速射砲",1,150,130,"bullet",30,"ammo","×","○"
"ゴッグ","腹部魚雷発射管ｘ２",2,630,200,"bullet",2,"ammo","×","×"
"ゴッグ","腹部魚雷発射管ｘ２",1,600,200,"bullet",2,"ammo","×","×"
"サイコミュ高機動試験型","有線式メガ粒子砲ｘ２[包囲]",2,325,250,"heat",100,"beam","×","×"
"サイコミュ高機動試験型","有線式メガ粒子砲ｘ２[包囲]",1,300,250,"heat",100,"beam","×","×"
"サイコミュ高機動試験型","有線式メガ粒子砲ｘ２[挟撃]",2,210,300,"heat",50,"beam","×","×"
"サイコミュ高機動試験型","有線式メガ粒子砲ｘ２[挟撃]",1,200,300,"heat",50,"beam","×","×"
"サイコ・ザク\n[TB]","ザク・マシンガンｘ２",2,54,250,"bullet",65,"ammo","×","○"
"サイコ・ザク\n[TB]","ザク・マシンガンｘ２",1,52,250,"bullet",65,"ammo","×","○"
"サイコ・ザク\n[TB]","シュツルム・ファウストｘ２",2,892,200,"bullet",2,"ammo","×","×"
"サイコ・ザク\n[TB]","シュツルム・ファウストｘ２",1,850,200,"bullet",2,"ammo","×","×"
"サイコ・ザク\n[TB]","ジャイアント・バズｘ２",2,630,300,"bullet",6,"ammo","×","×"
"サイコ・ザク\n[TB]","ジャイアント・バズｘ２",1,600,300,"bullet",6,"ammo","×","×"
"ザクI","クラッカー",5,1200,150,"bullet",3,"other","×","×"
"ザクI","クラッカー",4,1150,150,"bullet",3,"other","×","×"
"ザクI","クラッカー",3,1100,150,"bullet",3,"other","×","×"
"ザクI","クラッカー",2,1050,150,"bullet",3,"other","×","×"
"ザクI","クラッカー",1,1000,150,"bullet",3,"other","×","×"
"ザクI(GS)","グフシールド",3,3000,"M","","","shield","",""
"ザクI(GS)","グフシールド",2,2750,"M","","","shield","",""
"ザクI(GS)","グフシールド",1,2500,"M","","","shield","",""
"ザクI(GS)","シュツルム・ファウスト",3,1870,200,"bullet",1,"ammo","×","×"
"ザクI(GS)","シュツルム・ファウスト",2,1785,200,"bullet",1,"ammo","×","×"
"ザクI(GS)","シュツルム・ファウスト",1,1700,200,"bullet",1,"ammo","×","×"
"ザクI(GS)","スモーク・ディスチャージャー",3,0,5,"bullet",1,"ammo","×","×"
"ザクI(GS)","スモーク・ディスチャージャー",2,0,5,"bullet",1,"ammo","×","×"
"ザクI(GS)","スモーク・ディスチャージャー",1,0,5,"bullet",1,"ammo","×","×"
"ザクII","クラッカー",5,1200,150,"bullet",3,"other","×","×"
"ザクII","クラッカー",4,1150,150,"bullet",3,"other","×","×"
"ザクII","クラッカー",3,1100,150,"bullet",3,"other","×","×"
"ザクII","クラッカー",2,1050,150,"bullet",3,"other","×","×"
"ザクII","クラッカー",1,1000,150,"bullet",3,"other","×","×"
"ザクII\n[重装備仕様]","クラッカー",3,1100,150,"bullet",3,"other","×","×"
"ザクII\n[重装備仕様]","クラッカー",2,1050,150,"bullet",3,"other","×","×"
"ザクII\n[重装備仕様]","クラッカー",1,1000,150,"bullet",3,"other","×","×"
"ザクII\n[重装備仕様]","ザクシールド",3,4200,"S","","","shield","",""
"ザクII\n[重装備仕様]","ザクシールド",2,3850,"S","","","shield","",""
"ザクII\n[重装備仕様]","ザクシールド",1,3500,"S","","","shield","",""
"ザクII\n[重装備仕様]","脚部３連装ミサイル・ポッド",3,450,350,"bullet",6,"ammo","×","×"
"ザクII\n[重装備仕様]","脚部３連装ミサイル・ポッド",2,400,350,"bullet",6,"ammo","×","×"
"ザクII\n[重装備仕様]","脚部３連装ミサイル・ポッド",1,350,350,"bullet",6,"ammo","×","×"
"ザクIIFS型","クラッカー",6,1250,150,"bullet",3,"other","×","×"
"ザクIIFS型","クラッカー",5,1200,150,"bullet",3,"other","×","×"
"ザクIIFS型","クラッカー",4,1150,150,"bullet",3,"other","×","×"
"ザクIIFS型","クラッカー",3,1100,150,"bullet",3,"other","×","×"
"ザクIIFS型","クラッカー",2,1050,150,"bullet",3,"other","×","×"
"ザクIIFS型","クラッカー",1,1000,150,"bullet",3,"other","×","×"
"ザクIIFS型","頭部バルカンｘ４",6,20,150,"bullet",60,"ammo","×","○"
"ザクIIFS型","頭部バルカンｘ４",5,19,150,"bullet",60,"ammo","×","○"
"ザクIIFS型","頭部バルカンｘ４",4,18,150,"bullet",60,"ammo","×","○"
"ザクIIFS型","頭部バルカンｘ４",3,17,150,"bullet",60,"ammo","×","○"
"ザクIIFS型","頭部バルカンｘ４",2,16,150,"bullet",60,"ammo","×","○"
"ザクIIFS型","頭部バルカンｘ４",1,15,150,"bullet",60,"ammo","×","○"
"ザクIIFS型(SM)","頭部バルカンｘ４",3,17,150,"bullet",60,"ammo","×","○"
"ザクIIFS型(SM)","頭部バルカンｘ４",2,16,150,"bullet",60,"ammo","×","○"
"ザクIIFS型(SM)","頭部バルカンｘ４",1,15,150,"bullet",60,"ammo","×","○"
"ザクIIS型","クラッカー[強化型]",4,1430,150,"bullet",3,"other","×","×"
"ザクIIS型","クラッカー[強化型]",3,1370,150,"bullet",3,"other","×","×"
"ザクIIS型","クラッカー[強化型]",2,1310,150,"bullet",3,"other","×","×"
"ザクIIS型","クラッカー[強化型]",1,1250,150,"bullet",3,"other","×","×"
"ザクII後期型","シュツルム・ファウスト",3,1870,200,"bullet",1,"ammo","×","×"
"ザクII後期型","シュツルム・ファウスト",2,1785,200,"bullet",1,"ammo","×","×"
"ザクII後期型","シュツルム・ファウスト",1,1700,200,"bullet",1,"ammo","×","×"
"ザクII改","ハンド・グレネードＺ",4,1295,150,"bullet",3,"other","×","×"
"ザクII改","ハンド・グレネードＺ",3,1230,150,"bullet",3,"other","×","×"
"ザクII改","ハンド・グレネードＺ",2,1165,150,"bullet",3,"other","×","×"
"ザクII改","ハンド・グレネードＺ",1,1100,150,"bullet",3,"other","×","×"
"ザクII改\n[フリッツヘルム仕様]","シュツルム・ファウスト",3,1870,200,"bullet",1,"ammo","×","×"
"ザクII改\n[フリッツヘルム仕様]","シュツルム・ファウスト",2,1785,200,"bullet",1,"ammo","×","×"
"ザクII改\n[フリッツヘルム仕様]","シュツルム・ファウスト",1,1700,200,"bullet",1,"ammo","×","×"
"ザクI・スナイパータイプ","シュツルム・ファウスト",3,1870,200,"bullet",1,"ammo","×","×"
"ザクI・スナイパータイプ","シュツルム・ファウスト",2,1785,200,"bullet",1,"ammo","×","×"
"ザクI・スナイパータイプ","シュツルム・ファウスト",1,1700,200,"bullet",1,"ammo","×","×"
"ザクI・スナイパータイプ","頭部バルカン",3,77,150,"bullet",30,"ammo","×","○"
"ザクI・スナイパータイプ","頭部バルカン",2,73,150,"bullet",30,"ammo","×","○"
"ザクI・スナイパータイプ","頭部バルカン",1,70,150,"bullet",30,"ammo","×","○"
"ザクI指揮官仕様","シュツルム・ファウスト",3,1870,200,"bullet",1,"ammo","×","×"
"ザクI指揮官仕様","シュツルム・ファウスト",2,1785,200,"bullet",1,"ammo","×","×"
"ザクI指揮官仕様","シュツルム・ファウスト",1,1700,200,"bullet",1,"ammo","×","×"
"ザクI指揮官仕様","スパイク・シールド",3,3000,"S","","","shield","",""
"ザクI指揮官仕様","スパイク・シールド",2,2750,"S","","","shield","",""
"ザクI指揮官仕様","スパイク・シールド",1,2500,"S","","","shield","",""
"ザク・キャノン","スモーク・ディスチャージャー",6,0,5,"bullet",1,"ammo","×","×"
"ザク・キャノン","スモーク・ディスチャージャー",5,0,5,"bullet",1,"ammo","×","×"
"ザク・キャノン","スモーク・ディスチャージャー",4,0,5,"bullet",1,"ammo","×","×"
"ザク・キャノン","スモーク・ディスチャージャー",3,0,5,"bullet",1,"ammo","×","×"
"ザク・キャノン","スモーク・ディスチャージャー",2,0,5,"bullet",1,"ammo","×","×"
"ザク・キャノン","スモーク・ディスチャージャー",1,0,5,"bullet",1,"ammo","×","×"
"ザク・キャノン","１８０ｍｍキャノン",6,1187,550,"bullet",12,"ammo","×","×"
"ザク・キャノン","１８０ｍｍキャノン",5,1140,550,"bullet",12,"ammo","×","×"
"ザク・キャノン","１８０ｍｍキャノン",4,1092,550,"bullet",12,"ammo","×","×"
"ザク・キャノン","１８０ｍｍキャノン",3,1045,550,"bullet",12,"ammo","×","×"
"ザク・キャノン","１８０ｍｍキャノン",2,997,550,"bullet",12,"ammo","×","×"
"ザク・キャノン","１８０ｍｍキャノン",1,950,550,"bullet",12,"ammo","×","×"
"ザク・キャノン\n[ラビットタイプ]","ザクシールド",2,3850,"S","","","shield","",""
"ザク・キャノン\n[ラビットタイプ]","ザクシールド",1,3000,"S","","","shield","",""
"ザク・キャノン\n[ラビットタイプ]","スモーク・ディスチャージャー",2,0,5,"bullet",1,"ammo","×","×"
"ザク・キャノン\n[ラビットタイプ]","スモーク・ディスチャージャー",1,0,5,"bullet",1,"ammo","×","×"
"ザク・キャノン\n[ラビットタイプ]","ビッグ・ガン",2,260,350,"bullet",16,"ammo","×","○"
"ザク・キャノン\n[ラビットタイプ]","ビッグ・ガン",1,250,350,"bullet",16,"ammo","×","○"
"ザク・キャノン\n[ラビットタイプ]","１８０ｍｍキャノン",2,997,550,"bullet",12,"ammo","×","×"
"ザク・キャノン\n[ラビットタイプ]","１８０ｍｍキャノン",1,950,550,"bullet",12,"ammo","×","×"
"ザク・タンク\n[砲撃仕様]","車載用ミサイル・ランチャー",3,320,400,"bullet",6,"ammo","×","×"
"ザク・タンク\n[砲撃仕様]","車載用ミサイル・ランチャー",2,270,400,"bullet",6,"ammo","×","×"
"ザク・タンク\n[砲撃仕様]","車載用ミサイル・ランチャー",1,220,400,"bullet",6,"ammo","×","×"
"ザク・タンク\n[砲撃仕様]","１８０ｍｍキャノン[HE弾]",3,1622,750,"bullet",12,"ammo","×","×"
"ザク・タンク\n[砲撃仕様]","１８０ｍｍキャノン[HE弾]",2,1548,750,"bullet",12,"ammo","×","×"
"ザク・タンク\n[砲撃仕様]","１８０ｍｍキャノン[HE弾]",1,1475,750,"bullet",12,"ammo","×","×"
"ザク・タンク\n[砲撃仕様]","１８０ｍｍキャノン[type3]",3,1138,450,"bullet",6,"ammo","×","×"
"ザク・タンク\n[砲撃仕様]","１８０ｍｍキャノン[type3]",2,1086,450,"bullet",6,"ammo","×","×"
"ザク・タンク\n[砲撃仕様]","１８０ｍｍキャノン[type3]",1,1035,450,"bullet",6,"ammo","×","×"
"ザク・デザートタイプ","クラッカー",4,1150,150,"bullet",3,"other","×","×"
"ザク・デザートタイプ","クラッカー",3,1100,150,"bullet",3,"other","×","×"
"ザク・デザートタイプ","クラッカー",2,1050,150,"bullet",3,"other","×","×"
"ザク・デザートタイプ","クラッカー",1,1000,150,"bullet",3,"other","×","×"
"ザク・デザートタイプ","腕部ミサイル・ポッド",4,375,250,"bullet",6,"ammo","×","×"
"ザク・デザートタイプ","腕部ミサイル・ポッド",3,350,250,"bullet",6,"ammo","×","×"
"ザク・デザートタイプ","腕部ミサイル・ポッド",2,325,250,"bullet",6,"ammo","×","×"
"ザク・デザートタイプ","腕部ミサイル・ポッド",1,300,250,"bullet",6,"ammo","×","×"
"ザク・デザートタイプ","頭部バルカン",4,80,150,"bullet",30,"ammo","×","○"
"ザク・デザートタイプ","頭部バルカン",3,77,150,"bullet",30,"ammo","×","○"
"ザク・デザートタイプ","頭部バルカン",2,73,150,"bullet",30,"ammo","×","○"
"ザク・デザートタイプ","頭部バルカン",1,70,150,"bullet",30,"ammo","×","○"
"ザク・フリッパー","カメラ・ガン",2,0,500,"heat",100,"beam","×","○"
"ザク・フリッパー","カメラ・ガン",1,0,500,"heat",100,"beam","×","○"
"ザク・フリッパー","シュツルム・ファウスト",2,2520,200,"bullet",1,"ammo","×","×"
"ザク・フリッパー","シュツルム・ファウスト",1,2400,200,"bullet",1,"ammo","×","×"
"ザク・マインレイヤー","機雷散布ポッド",3,1100,20,"bullet",6,"other","×","×"
"ザク・マインレイヤー","機雷散布ポッド",2,1050,20,"bullet",6,"other","×","×"
"ザク・マインレイヤー","機雷散布ポッド",1,1000,20,"bullet",6,"other","×","×"
"ザク強行偵察型","カメラ・ガン",3,0,500,"heat",100,"beam","×","○"
"ザク強行偵察型","カメラ・ガン",2,0,500,"heat",100,"beam","×","○"
"ザク強行偵察型","カメラ・ガン",1,0,500,"heat",100,"beam","×","○"
"ザク強行偵察型","チャフ・クラッカー",3,990,150,"bullet",3,"other","×","×"
"ザク強行偵察型","チャフ・クラッカー",2,945,150,"bullet",3,"other","×","×"
"ザク強行偵察型","チャフ・クラッカー",1,900,150,"bullet",3,"other","×","×"
"ザメル","２０ｍｍバルカン",2,21,150,"bullet",30,"ammo","×","○"
"ザメル","２０ｍｍバルカン",1,20,150,"bullet",30,"ammo","×","○"
"ザメル","６８０ｍｍキャノン[APFSDS]",2,1890,900,"bullet",6,"ammo","×","×"
"ザメル","６８０ｍｍキャノン[APFSDS]",1,1800,900,"bullet",6,"ammo","×","×"
"ザメル","６８０ｍｍキャノン[HE弾]",2,1470,650,"bullet",12,"ammo","×","×"
"ザメル","６８０ｍｍキャノン[HE弾]",1,1400,650,"bullet",12,"ammo","×","×"
"ザメル","６８０ｍｍキャノン[type3]",2,1050,450,"bullet",12,"ammo","×","×"
"ザメル","６８０ｍｍキャノン[type3]",1,1000,450,"bullet",12,"ammo","×","×"
"シェキナー[ガトリング]","シェキナー[ミサイル・ランチャー]",2,550,350,"bullet",4,"ammo","×","×"
"シェキナー[ガトリング]","シェキナー[ミサイル・ランチャー]",1,500,350,"bullet",4,"ammo","×","×"
"シェキナー[ガトリング]","シェキナー[メガ・ビーム]",2,2310,500,"heat",95,"beam","×","×"
"シェキナー[ガトリング]","シェキナー[メガ・ビーム]",1,2200,500,"heat",95,"beam","×","×"
"ジオング","有線式メガ粒子砲ｘ２[包囲]",1,250,300,"heat",100,"beam","×","×"
"ジオング","有線式メガ粒子砲ｘ２[挟撃]",1,180,400,"heat",30,"beam","×","×"
"ジオング","腰部メガ粒子砲ｘ２",1,1600,500,"heat",100,"beam","◎","×"
"ジオング","頭部メガ粒子砲",1,800,20,"heat",50,"beam","×","○"
"ジム","ラージシールド",5,3500,"L","","","shield","",""
"ジム","ラージシールド",4,3250,"L","","","shield","",""
"ジム","ラージシールド",3,3000,"L","","","shield","",""
"ジム","ラージシールド",2,2750,"L","","","shield","",""
"ジム","ラージシールド",1,2500,"L","","","shield","",""
"ジム","頭部バルカン",5,60,150,"bullet",30,"ammo","×","○"
"ジム","頭部バルカン",4,57,150,"bullet",30,"ammo","×","○"
"ジム","頭部バルカン",3,55,150,"bullet",30,"ammo","×","○"
"ジム","頭部バルカン",2,52,150,"bullet",30,"ammo","×","○"
"ジム","頭部バルカン",1,50,150,"bullet",30,"ammo","×","○"
"ジム\n[WD隊仕様]","ハンド・グレネードＥ",3,1100,150,"bullet",3,"other","×","×"
"ジム\n[WD隊仕様]","ハンド・グレネードＥ",2,1050,150,"bullet",3,"other","×","×"
"ジム\n[WD隊仕様]","ハンド・グレネードＥ",1,1000,150,"bullet",3,"other","×","×"
"ジム\n[WD隊仕様]","陸戦型シールド",3,2760,"S","","","shield","",""
"ジム\n[WD隊仕様]","陸戦型シールド",2,2530,"S","","","shield","",""
"ジム\n[WD隊仕様]","陸戦型シールド",1,2300,"S","","","shield","",""
"ジム\n[WD隊仕様]","頭部バルカン",3,55,150,"bullet",30,"ammo","×","○"
"ジム\n[WD隊仕様]","頭部バルカン",2,52,150,"bullet",30,"ammo","×","○"
"ジム\n[WD隊仕様]","頭部バルカン",1,50,150,"bullet",30,"ammo","×","○"
"ジムII","ラージシールド",3,3000,"L","","","shield","",""
"ジムII","ラージシールド",2,2750,"L","","","shield","",""
"ジムII","ラージシールド",1,2500,"L","","","shield","",""
"ジムII","頭部バルカン[後期型]",3,73,150,"bullet",30,"ammo","×","○"
"ジムII","頭部バルカン[後期型]",2,70,150,"bullet",30,"ammo","×","○"
"ジムII","頭部バルカン[後期型]",1,67,150,"bullet",30,"ammo","×","○"
"ジム・インターセプトカスタムFB","ビーム・スプレーガン",2,630,250,"heat",40,"beam","×","○"
"ジム・インターセプトカスタムFB","ビーム・スプレーガン",1,600,250,"heat",40,"beam","×","○"
"ジム・インターセプトカスタムFB","多連装ミサイル・ランチャー",2,315,300,"bullet",12,"ammo","×","×"
"ジム・インターセプトカスタムFB","多連装ミサイル・ランチャー",1,300,300,"bullet",12,"ammo","×","×"
"ジム・インターセプトカスタムFB","頭部バルカン",2,52,150,"bullet",30,"ammo","×","○"
"ジム・インターセプトカスタムFB","頭部バルカン",1,50,150,"bullet",30,"ammo","×","○"
"ジム・カスタム","コマンドシールド",2,3300,"L","","","shield","",""
"ジム・カスタム","コマンドシールド",1,3000,"L","","","shield","",""
"ジム・カスタム","頭部バルカン[後期型]",2,70,150,"bullet",30,"ammo","×","○"
"ジム・カスタム","頭部バルカン[後期型]",1,67,150,"bullet",30,"ammo","×","○"
"ジム・ガードカスタム","ガーディアン・シールド",3,20000,"LL","","","shield","",""
"ジム・ガードカスタム","ガーディアン・シールド",2,17500,"LL","","","shield","",""
"ジム・ガードカスタム","ガーディアン・シールド",1,15000,"LL","","","shield","",""
"ジム・ガードカスタム","肩部バルカン砲ｘ２",3,88,150,"bullet",30,"ammo","×","○"
"ジム・ガードカスタム","肩部バルカン砲ｘ２",2,84,150,"bullet",30,"ammo","×","○"
"ジム・ガードカスタム","肩部バルカン砲ｘ２",1,80,150,"bullet",30,"ammo","×","○"
"ジム・ガードカスタム","Ｇシールド内蔵ガトリング",3,140,250,"bullet",90,"ammo","×","○"
"ジム・ガードカスタム","Ｇシールド内蔵ガトリング",2,120,250,"bullet",90,"ammo","×","○"
"ジム・ガードカスタム","Ｇシールド内蔵ガトリング",1,100,250,"bullet",90,"ammo","×","○"
"ジム・キャノン","ラージシールド",6,3750,"L","","","shield","",""
"ジム・キャノン","ラージシールド",5,3500,"L","","","shield","",""
"ジム・キャノン","ラージシールド",4,3250,"L","","","shield","",""
"ジム・キャノン","ラージシールド",3,3000,"L","","","shield","",""
"ジム・キャノン","ラージシールド",2,2750,"L","","","shield","",""
"ジム・キャノン","ラージシールド",1,2500,"L","","","shield","",""
"ジム・キャノン","頭部バルカン",6,62,150,"bullet",30,"ammo","×","○"
"ジム・キャノン","頭部バルカン",5,60,150,"bullet",30,"ammo","×","○"
"ジム・キャノン","頭部バルカン",4,57,150,"bullet",30,"ammo","×","○"
"ジム・キャノン","頭部バルカン",3,55,150,"bullet",30,"ammo","×","○"
"ジム・キャノン","頭部バルカン",2,52,150,"bullet",30,"ammo","×","○"
"ジム・キャノン","頭部バルカン",1,50,150,"bullet",30,"ammo","×","○"
"ジム・キャノン","２４０ｍｍキャノン",6,1300,550,"bullet",12,"ammo","×","×"
"ジム・キャノン","２４０ｍｍキャノン",5,1200,550,"bullet",12,"ammo","×","×"
"ジム・キャノン","２４０ｍｍキャノン",4,1150,550,"bullet",12,"ammo","×","×"
"ジム・キャノン","２４０ｍｍキャノン",3,1100,550,"bullet",12,"ammo","×","×"
"ジム・キャノン","２４０ｍｍキャノン",2,1050,550,"bullet",12,"ammo","×","×"
"ジム・キャノン","２４０ｍｍキャノン",1,1000,550,"bullet",12,"ammo","×","×"
"ジム・キャノン\n[空間突撃仕様]","ビーム・スプレーガン",2,630,250,"heat",40,"beam","×","○"
"ジム・キャノン\n[空間突撃仕様]","ビーム・スプレーガン",1,600,250,"heat",40,"beam","×","○"
"ジム・キャノン\n[空間突撃仕様]","ラージシールド",2,2750,"L","","","shield","",""
"ジム・キャノン\n[空間突撃仕様]","ラージシールド",1,2500,"L","","","shield","",""
"ジム・キャノン\n[空間突撃仕様]","頭部バルカン",2,52,150,"bullet",30,"ammo","×","○"
"ジム・キャノン\n[空間突撃仕様]","頭部バルカン",1,50,150,"bullet",30,"ammo","×","○"
"ジム・キャノン\n[空間突撃仕様]","３６０ｍｍロケット砲",2,1735,475,"bullet",3,"ammo","",""
"ジム・キャノン\n[空間突撃仕様]","３６０ｍｍロケット砲",1,1700,475,"bullet",3,"ammo","",""
"ジム・キャノンII","コマンドシールド",2,3300,"L","","","shield","",""
"ジム・キャノンII","コマンドシールド",1,3000,"L","","","shield","",""
"ジム・キャノンII","肩部ビーム・キャノンｘ２",2,1050,600,"heat",75,"beam","×","×"
"ジム・キャノンII","肩部ビーム・キャノンｘ２",1,1000,600,"heat",75,"beam","×","×"
"ジム・キャノンII","頭部バルカン[後期型]",2,70,150,"bullet",30,"ammo","×","○"
"ジム・キャノンII","頭部バルカン[後期型]",1,67,150,"bullet",30,"ammo","×","○"
"ジム・コマンド","コマンドシールド",4,3900,"L","","","shield","",""
"ジム・コマンド","コマンドシールド",3,3600,"L","","","shield","",""
"ジム・コマンド","コマンドシールド",2,3300,"L","","","shield","",""
"ジム・コマンド","コマンドシールド",1,3000,"L","","","shield","",""
"ジム・コマンド","頭部バルカン[後期型]",4,77,150,"bullet",30,"ammo","×","○"
"ジム・コマンド","頭部バルカン[後期型]",3,73,150,"bullet",30,"ammo","×","○"
"ジム・コマンド","頭部バルカン[後期型]",2,70,150,"bullet",30,"ammo","×","○"
"ジム・コマンド","頭部バルカン[後期型]",1,67,150,"bullet",30,"ammo","×","○"
"ジム・コマンド宇宙戦仕様","コマンドシールド",4,3900,"L","","","shield","",""
"ジム・コマンド宇宙戦仕様","コマンドシールド",3,3600,"L","","","shield","",""
"ジム・コマンド宇宙戦仕様","コマンドシールド",2,3300,"L","","","shield","",""
"ジム・コマンド宇宙戦仕様","コマンドシールド",1,3000,"L","","","shield","",""
"ジム・コマンド宇宙戦仕様","頭部バルカン[後期型]",4,77,150,"bullet",30,"ammo","×","○"
"ジム・コマンド宇宙戦仕様","頭部バルカン[後期型]",3,73,150,"bullet",30,"ammo","×","○"
"ジム・コマンド宇宙戦仕様","頭部バルカン[後期型]",2,70,150,"bullet",30,"ammo","×","○"
"ジム・コマンド宇宙戦仕様","頭部バルカン[後期型]",1,67,150,"bullet",30,"ammo","×","○"
"ジム・ストライカー","ストライカーシールド",3,4200,"M","","","shield","",""
"ジム・ストライカー","ストライカーシールド",2,3850,"M","","","shield","",""
"ジム・ストライカー","ストライカーシールド",1,3500,"M","","","shield","",""
"ジム・ストライカー","ビーム・サーベル",3,1540,"","","","melee","",""
"ジム・ストライカー","ビーム・サーベル",2,1470,"","","","melee","",""
"ジム・ストライカー","ビーム・サーベル",1,1400,"","","","melee","",""
"ジム・ストライカー","頭部バルカン",3,55,150,"bullet",30,"ammo","×","○"
"ジム・ストライカー","頭部バルカン",2,52,150,"bullet",30,"ammo","×","○"
"ジム・ストライカー","頭部バルカン",1,50,150,"bullet",30,"ammo","×","○"
"ジム・ストライカー改","ストライカーシールド",2,3850,"M","","","shield","",""
"ジム・ストライカー改","ストライカーシールド",1,3500,"M","","","shield","",""
"ジム・ストライカー改","ツイン・ビーム・サーベル",2,1575,"","","","melee","",""
"ジム・ストライカー改","ツイン・ビーム・サーベル",1,1500,"","","","melee","",""
"ジム・ストライカー改","頭部バルカン",2,52,150,"bullet",30,"ammo","×","○"
"ジム・ストライカー改","頭部バルカン",1,50,150,"bullet",30,"ammo","×","○"
"ジム・スナイパー","ハンド・グレネードＥ",3,1100,150,"bullet",3,"other","×","×"
"ジム・スナイパー","ハンド・グレネードＥ",2,1050,150,"bullet",3,"other","×","×"
"ジム・スナイパー","ハンド・グレネードＥ",1,1000,150,"bullet",3,"other","×","×"
"ジム・スナイパーII","コマンドシールド",2,3300,"L","","","shield","",""
"ジム・スナイパーII","コマンドシールド",1,3000,"L","","","shield","",""
"ジム・スナイパーII","ハンド・グレネードＥ[強化]",2,1165,150,"bullet",3,"other","×","×"
"ジム・スナイパーII","ハンド・グレネードＥ[強化]",1,1100,150,"bullet",3,"other","×","×"
"ジム・スナイパーII\n[WD隊仕様]","ハンド・グレネードＥ[強化]",2,1165,150,"bullet",3,"other","×","×"
"ジム・スナイパーII\n[WD隊仕様]","ハンド・グレネードＥ[強化]",1,1100,150,"bullet",3,"other","×","×"
"ジム・スナイパーII\n[WD隊仕様]","ミドルシールド",2,3850,"M","","","shield","",""
"ジム・スナイパーII\n[WD隊仕様]","ミドルシールド",1,3500,"M","","","shield","",""
"ジム・スナイパーII\n[WD隊仕様]","頭部バルカンユニット",2,94,150,"bullet",30,"ammo","×","○"
"ジム・スナイパーII\n[WD隊仕様]","頭部バルカンユニット",1,90,150,"bullet",30,"ammo","×","○"
"ジム・スナイパーカスタム","ハンド・ビーム・ガン",3,550,100,"heat",28,"beam","×","×"
"ジム・スナイパーカスタム","ハンド・ビーム・ガン",2,525,100,"heat",28,"beam","×","×"
"ジム・スナイパーカスタム","ハンド・ビーム・ガン",1,500,100,"heat",28,"beam","×","×"
"ジム・スナイパーカスタム","頭部バルカン",3,55,150,"bullet",30,"ammo","×","○"
"ジム・スナイパーカスタム","頭部バルカン",2,52,150,"bullet",30,"ammo","×","○"
"ジム・スナイパーカスタム","頭部バルカン",1,50,150,"bullet",30,"ammo","×","○"
"ジム・トレーナー","ハンド・グレネードＥ",3,1100,150,"bullet",3,"other","×","×"
"ジム・トレーナー","ハンド・グレネードＥ",2,1050,150,"bullet",3,"other","×","×"
"ジム・トレーナー","ハンド・グレネードＥ",1,1000,150,"bullet",3,"other","×","×"
"ジム・ナイトシーカー","ハンド・グレネードＥ[強化]",3,1230,150,"bullet",3,"other","×","×"
"ジム・ナイトシーカー","ハンド・グレネードＥ[強化]",2,1165,150,"bullet",3,"other","×","×"
"ジム・ナイトシーカー","ハンド・グレネードＥ[強化]",1,1100,150,"bullet",3,"other","×","×"
"ジム・ナイトシーカー","頭部バルカン",3,55,150,"bullet",30,"ammo","×","○"
"ジム・ナイトシーカー","頭部バルカン",2,52,150,"bullet",30,"ammo","×","○"
"ジム・ナイトシーカー","頭部バルカン",1,50,150,"bullet",30,"ammo","×","○"
"ジム・ライトアーマー","ハンド・グレネードＥ",5,1200,150,"bullet",3,"other","×","×"
"ジム・ライトアーマー","ハンド・グレネードＥ",4,1150,150,"bullet",3,"other","×","×"
"ジム・ライトアーマー","ハンド・グレネードＥ",3,1100,150,"bullet",3,"other","×","×"
"ジム・ライトアーマー","ハンド・グレネードＥ",2,1050,150,"bullet",3,"other","×","×"
"ジム・ライトアーマー","ハンド・グレネードＥ",1,1000,150,"bullet",3,"other","×","×"
"ジム寒冷地仕様","ラージシールド[後期型]",3,3600,"L","","","shield","",""
"ジム寒冷地仕様","ラージシールド[後期型]",2,3300,"L","","","shield","",""
"ジム寒冷地仕様","ラージシールド[後期型]",1,3000,"L","","","shield","",""
"ジム寒冷地仕様","頭部バルカン[後期型]",3,73,150,"bullet",30,"ammo","×","○"
"ジム寒冷地仕様","頭部バルカン[後期型]",2,70,150,"bullet",30,"ammo","×","○"
"ジム寒冷地仕様","頭部バルカン[後期型]",1,67,150,"bullet",30,"ammo","×","○"
"ジム改","ラージシールド[後期型]",3,3600,"L","","","shield","",""
"ジム改","ラージシールド[後期型]",2,3300,"L","","","shield","",""
"ジム改","ラージシールド[後期型]",1,3000,"L","","","shield","",""
"ジム改","頭部バルカン",3,55,150,"bullet",30,"ammo","×","○"
"ジム改","頭部バルカン",2,52,150,"bullet",30,"ammo","×","○"
"ジム改","頭部バルカン",1,50,150,"bullet",30,"ammo","×","○"
"ジュアッグ","腹部連装メガ粒子砲",4,690,300,"heat",96,"beam","×","×"
"ジュアッグ","腹部連装メガ粒子砲",3,660,300,"heat",96,"beam","×","×"
"ジュアッグ","腹部連装メガ粒子砲",2,630,300,"heat",96,"beam","×","×"
"ジュアッグ","腹部連装メガ粒子砲",1,600,300,"heat",96,"beam","×","×"
"ジーライン・アサルトアーマー","アサルト・キャノン・ユニット",2,2415,450,"bullet",3,"ammo","×","×"
"ジーライン・アサルトアーマー","アサルト・キャノン・ユニット",1,2300,450,"bullet",3,"ammo","×","×"
"ジーライン・アサルトアーマー","クロー・シールド",2,4400,"M","","","shield","",""
"ジーライン・アサルトアーマー","クロー・シールド",1,4000,"M","","","shield","",""
"ジーライン・アサルトアーマー","頭部バルカン[後期型]",2,70,150,"bullet",30,"ammo","×","○"
"ジーライン・アサルトアーマー","頭部バルカン[後期型]",1,67,150,"bullet",30,"ammo","×","○"
"ジーライン・スタンダードアーマー","ガトリングスマッシャー・ユニット",2,65,350,"bullet",90,"ammo","×","○"
"ジーライン・スタンダードアーマー","ガトリングスマッシャー・ユニット",1,60,350,"bullet",90,"ammo","×","○"
"ジーライン・スタンダードアーマー","ジーラインシールド",2,3850,"L","","","shield","",""
"ジーライン・スタンダードアーマー","ジーラインシールド",1,3500,"L","","","shield","",""
"ジーライン・スタンダードアーマー","頭部バルカン[後期型]",2,70,150,"bullet",30,"ammo","×","○"
"ジーライン・スタンダードアーマー","頭部バルカン[後期型]",1,67,150,"bullet",30,"ammo","×","○"
"ジーライン・ライトアーマー","ジーラインシールド",2,3850,"L","","","shield","",""
"ジーライン・ライトアーマー","ジーラインシールド",1,3500,"L","","","shield","",""
"ジーライン・ライトアーマー","ミサイル・ランチャー・ユニット",2,525,400,"bullet",8,"ammo","×","○"
"ジーライン・ライトアーマー","ミサイル・ランチャー・ユニット",1,500,400,"bullet",8,"ammo","×","○"
"ジーライン・ライトアーマー","頭部バルカン[後期型]",2,70,150,"bullet",30,"ammo","×","○"
"ジーライン・ライトアーマー","頭部バルカン[後期型]",1,67,150,"bullet",30,"ammo","×","○"
"スレイヴ・レイス","胸部バルカン",2,68,200,"bullet",30,"ammo","×","○"
"スレイヴ・レイス","胸部バルカン",1,65,200,"bullet",30,"ammo","×","○"
"スレイヴ・レイス","閃光弾",2,0,80,"bullet",1,"other","×","×"
"スレイヴ・レイス","閃光弾",1,0,80,"bullet",1,"other","×","×"
"スレイヴ・レイス","陸戦型シールド",2,2530,"S","","","shield","",""
"スレイヴ・レイス","陸戦型シールド",1,2300,"S","","","shield","",""
"ズゴック","６連装ミサイル・ランチャー",3,250,400,"bullet",6,"ammo","×","×"
"ズゴック","６連装ミサイル・ランチャー",2,225,400,"bullet",6,"ammo","×","×"
"ズゴック","６連装ミサイル・ランチャー",1,200,400,"bullet",6,"ammo","×","×"
"ズゴッグＥ","魚雷発射管ｘ６",3,450,400,"bullet",6,"ammo","×","×"
"ズゴッグＥ","魚雷発射管ｘ６",2,425,400,"bullet",6,"ammo","×","×"
"ズゴッグＥ","魚雷発射管ｘ６",1,400,400,"bullet",6,"ammo","×","×"
"ゾゴック","シュツルム・ファウスト[強化型]",3,2200,200,"bullet",1,"ammo","×","×"
"ゾゴック","シュツルム・ファウスト[強化型]",2,2100,200,"bullet",1,"ammo","×","×"
"ゾゴック","シュツルム・ファウスト[強化型]",1,2000,200,"bullet",1,"ammo","×","×"
"ゾゴック","ヒート・ソード",3,2090,"","","","melee","",""
"ゾゴック","ヒート・ソード",2,1995,"","","","melee","",""
"ゾゴック","ヒート・ソード",1,1900,"","","","melee","",""
"ゾック","フォノンメーザー砲",2,630,600,"heat",100,"beam","◎","×"
"ゾック","フォノンメーザー砲",1,600,600,"heat",100,"beam","◎","×"
"ヅダ","シュツルム・ファウスト",4,1955,200,"bullet",1,"ammo","×","×"
"ヅダ","シュツルム・ファウスト",3,1870,200,"bullet",1,"ammo","×","×"
"ヅダ","シュツルム・ファウスト",2,1785,200,"bullet",1,"ammo","×","×"
"ヅダ","シュツルム・ファウスト",1,1700,200,"bullet",1,"ammo","×","×"
"ヅダＦ","ザク・マシンガン",2,70,250,"bullet",100,"ammo","×","○"
"ヅダＦ","ザク・マシンガン",1,67,250,"bullet",100,"ammo","×","○"
"ヅダＦ","シュツルム・ファウスト",2,2520,200,"bullet",1,"ammo","×","×"
"ヅダＦ","シュツルム・ファウスト",1,2400,200,"bullet",1,"ammo","×","×"
"ドム","スプレッド・ビーム",4,0,100,"bullet",100,"other","×","×"
"ドム","スプレッド・ビーム",3,0,100,"bullet",100,"other","×","×"
"ドム","スプレッド・ビーム",2,0,100,"bullet",100,"other","×","×"
"ドム","スプレッド・ビーム",1,0,100,"bullet",100,"other","×","×"
"ドム・キャノン\n[複砲仕様]","クラッカー[強化型]",2,1310,150,"bullet",3,"other","×","×"
"ドム・キャノン\n[複砲仕様]","クラッカー[強化型]",1,1250,150,"bullet",3,"other","×","×"
"ドム・キャノン\n[複砲仕様]","肩部ツイン・ミドル・キャノン",2,840,400,"bullet",6,"ammo","×","×"
"ドム・キャノン\n[複砲仕様]","肩部ツイン・ミドル・キャノン",1,800,400,"bullet",6,"ammo","×","×"
"ドム・キャノン\n[複砲仕様]","腕部ミサイル・ポッド",2,325,250,"bullet",6,"ammo","×","×"
"ドム・キャノン\n[複砲仕様]","腕部ミサイル・ポッド",1,300,250,"bullet",6,"ammo","×","×"
"ドム・トローペン","シュツルム・ファウスト[強化型]",4,2300,200,"bullet",1,"ammo","×","×"
"ドム・トローペン","シュツルム・ファウスト[強化型]",3,2200,200,"bullet",1,"ammo","×","×"
"ドム・トローペン","シュツルム・ファウスト[強化型]",2,2100,200,"bullet",1,"ammo","×","×"
"ドム・トローペン","シュツルム・ファウスト[強化型]",1,2000,200,"bullet",1,"ammo","×","×"
"ドム・トローペン","ＭＭＰ－８０マシンガン",4,138,200,"bullet",50,"ammo","×","○"
"ドム・トローペン","ＭＭＰ－８０マシンガン",3,132,200,"bullet",50,"ammo","×","○"
"ドム・トローペン","ＭＭＰ－８０マシンガン",2,126,200,"bullet",50,"ammo","×","○"
"ドム・トローペン","ＭＭＰ－８０マシンガン",1,120,200,"bullet",50,"ammo","×","○"
"ドム・バラッジ","胸部ビーム・ガン",3,1150,300,"heat",100,"beam","×","○"
"ドム・バラッジ","胸部ビーム・ガン",2,1100,300,"heat",100,"beam","×","○"
"ドム・バラッジ","胸部ビーム・ガン",1,1050,300,"heat",100,"beam","×","○"
"ドム・バラッジ","腰部ミサイル・ランチャー",3,660,400,"bullet",8,"ammo","×","×"
"ドム・バラッジ","腰部ミサイル・ランチャー",2,630,400,"bullet",8,"ammo","×","×"
"ドム・バラッジ","腰部ミサイル・ランチャー",1,600,400,"bullet",8,"ammo","×","×"
"ドム高速実験型","スプレッド・ビーム",2,0,100,"bullet",100,"other","×","×"
"ドム高速実験型","スプレッド・ビーム",1,0,100,"bullet",100,"other","×","×"
"ドラッツェ","シュツルム・ファウスト",3,1870,200,"bullet",1,"ammo","×","×"
"ドラッツェ","シュツルム・ファウスト",2,1785,200,"bullet",1,"ammo","×","×"
"ドラッツェ","シュツルム・ファウスト",1,1700,200,"bullet",1,"ammo","×","×"
"ドラッツェ","ドラッツェシールド",3,2200,"L","","","shield","",""
"ドラッツェ","ドラッツェシールド",2,2100,"L","","","shield","",""
"ドラッツェ","ドラッツェシールド",1,2000,"L","","","shield","",""
"ドラッツェ改","シュツルム・ファウスト[強化型]",2,2100,200,"bullet",1,"ammo","×","×"
"ドラッツェ改","シュツルム・ファウスト[強化型]",1,2000,200,"bullet",1,"ammo","×","×"
"ドラッツェ改","ドラッツェシールド",2,2100,"L","","","shield","",""
"ドラッツェ改","ドラッツェシールド",1,2000,"L","","","shield","",""
"ドワッジ","スプレッド・ビーム",2,0,100,"bullet",100,"other","×","×"
"ドワッジ","スプレッド・ビーム",1,0,100,"bullet",100,"other","×","×"
"ドワッジ","ヒート・トマホーク",2,1575,"","","","melee","",""
"ドワッジ","ヒート・トマホーク",1,1500,"","","","melee","",""
"ドワッジ","頭部バルカンｘ４",2,26,150,"bullet",60,"ammo","×","○"
"ドワッジ","頭部バルカンｘ４",1,25,150,"bullet",60,"ammo","×","○"
"ネモ","ネモシールド",2,3850,"L","","","","",""
"ネモ","ネモシールド",1,3500,"L","","","","",""
"ネモ","頭部バルカン[改修型]",2,73,150,"bullet",80,"ammo","×","○"
"ネモ","頭部バルカン[改修型]",1,70,150,"bullet",80,"ammo","×","○"
"ハイゴッグ","ハンド・ミサイル・ユニット",3,2750,400,"bullet",1,"other","×","×"
"ハイゴッグ","ハンド・ミサイル・ユニット",2,2625,400,"bullet",1,"other","×","×"
"ハイゴッグ","ハンド・ミサイル・ユニット",1,2500,400,"bullet",1,"other","×","×"
"ハイゴッグ","腹部１２０ｍｍマシンキャノン",3,110,200,"bullet",30,"ammo","×","○"
"ハイゴッグ","腹部１２０ｍｍマシンキャノン",2,105,200,"bullet",30,"ammo","×","○"
"ハイゴッグ","腹部１２０ｍｍマシンキャノン",1,100,200,"bullet",30,"ammo","×","○"
"ハイゴッグ","魚雷発射管ｘ４",3,550,150,"bullet",4,"ammo","×","×"
"ハイゴッグ","魚雷発射管ｘ４",2,525,150,"bullet",4,"ammo","×","×"
"ハイゴッグ","魚雷発射管ｘ４",1,500,150,"bullet",4,"ammo","×","×"
"ハイザック","ハイザックシールド",2,3850,"L","","","","",""
"ハイザック","ハイザックシールド",1,3500,"L","","","","",""
"ハイザック","ハンド・グレネードＥ[強化]",2,1165,150,"bullet",3,"other","×","×"
"ハイザック","ハンド・グレネードＥ[強化]",1,1100,150,"bullet",3,"other","×","×"
"ハイザック・カスタム","ザク・マシンガン改",2,105,250,"bullet",60,"ammo","×","○"
"ハイザック・カスタム","ザク・マシンガン改",1,100,250,"bullet",60,"ammo","×","○"
"パワード・ジム","ラージシールド[後期型]",4,3900,"L","","","shield","",""
"パワード・ジム","ラージシールド[後期型]",3,3600,"L","","","shield","",""
"パワード・ジム","ラージシールド[後期型]",2,3300,"L","","","shield","",""
"パワード・ジム","ラージシールド[後期型]",1,3000,"L","","","shield","",""
"パワード・ジム","頭部バルカン[後期型]",4,77,150,"bullet",30,"ammo","×","○"
"パワード・ジム","頭部バルカン[後期型]",3,73,150,"bullet",30,"ammo","×","○"
"パワード・ジム","頭部バルカン[後期型]",2,70,150,"bullet",30,"ammo","×","○"
"パワード・ジム","頭部バルカン[後期型]",1,67,150,"bullet",30,"ammo","×","○"
"ヒルドルブ","スモーク・ディスチャージャーｘ２",2,0,5,"bullet",2,"ammo","×","×"
"ヒルドルブ","スモーク・ディスチャージャーｘ２",1,0,5,"bullet",2,"ammo","×","×"
"ヒルドルブ","３０ｃｍ砲[APFSDS]",2,2415,900,"bullet",1,"ammo","×","×"
"ヒルドルブ","３０ｃｍ砲[APFSDS]",1,2300,900,"bullet",1,"ammo","×","×"
"ヒルドルブ","３０ｃｍ砲[HE弾]",2,1680,650,"bullet",6,"ammo","×","×"
"ヒルドルブ","３０ｃｍ砲[HE弾]",1,1600,650,"bullet",6,"ammo","×","×"
"ヒルドルブ","３０ｃｍ砲[type3]",2,1260,450,"bullet",6,"ammo","×","×"
"ヒルドルブ","３０ｃｍ砲[type3]",1,1200,450,"bullet",6,"ammo","×","×"
"ビショップ","有線式メガ粒子砲ｘ２[挟撃]",2,175,300,"heat",50,"beam","×","×"
"ビショップ","有線式メガ粒子砲ｘ２[挟撃]",1,150,300,"heat",50,"beam","×","×"
"フルアーマーガンダム","ミサイル・ベイ",3,165,400,"bullet",6,"ammo","×","×"
"フルアーマーガンダム","ミサイル・ベイ",2,157,400,"bullet",6,"ammo","×","×"
"フルアーマーガンダム","ミサイル・ベイ",1,150,400,"bullet",6,"ammo","×","×"
"フルアーマーガンダム","頭部バルカン",3,55,150,"bullet",30,"ammo","×","○"
"フルアーマーガンダム","頭部バルカン",2,52,150,"bullet",30,"ammo","×","○"
"フルアーマーガンダム","頭部バルカン",1,50,150,"bullet",30,"ammo","×","○"
"フルアーマーガンダム","３６０ｍｍキャノン",3,1650,500,"bullet",8,"ammo","×","×"
"フルアーマーガンダム","３６０ｍｍキャノン",2,1575,500,"bullet",8,"ammo","×","×"
"フルアーマーガンダム","３６０ｍｍキャノン",1,1500,500,"bullet",8,"ammo","×","×"
"フルアーマーガンダム\n[タイプＢ]","ミサイル・ベイ[肩部]",1,160,400,"bullet",6,"ammo","×","×"
"フルアーマーガンダム\n[タイプＢ]","多連装ミサイル・ランチャー",1,160,400,"bullet",20,"ammo","×","○"
"フルアーマーガンダム\n[タイプＢ]","大型ミサイル・ランチャー",1,2200,500,"bullet",2,"ammo","×","×"
"フルアーマーガンダム\n[タイプＢ]","３６０ｍｍキャノン",1,1500,500,"bullet",8,"ammo","×","×"
"フルアーマー・ガンダム\n[TB]","ミサイル・ベイ",2,157,200,"bullet",12,"ammo","×","×"
"フルアーマー・ガンダム\n[TB]","ミサイル・ベイ",1,150,200,"bullet",12,"ammo","×","×"
"フルアーマー・ガンダム\n[TB]","ラージシールド[強化型]",2,3300,"L","","","shield","",""
"フルアーマー・ガンダム\n[TB]","ラージシールド[強化型]",1,3000,"L","","","shield","",""
"フルアーマー・ガンダム\n[TB]","大型ビーム砲",2,2520,550,"heat",100,"beam","×","×"
"フルアーマー・ガンダム\n[TB]","大型ビーム砲",1,2400,550,"heat",100,"beam","×","×"
"フルアーマー・ガンダム\n[TB]","左腕５連装ロケット・ランチャー",2,1050,400,"bullet",5,"ammo","×","×"
"フルアーマー・ガンダム\n[TB]","左腕５連装ロケット・ランチャー",1,1000,400,"bullet",5,"ammo","×","×"
"フルアーマー・ガンダム\n[TB]","６連装ミサイル・ポッド",2,367,400,"bullet",6,"ammo","×","○"
"フルアーマー・ガンダム\n[TB]","６連装ミサイル・ポッド",1,350,400,"bullet",6,"ammo","×","○"
"フレーム・ランチャー[GT]","フレームランチャー[MP]",2,262,300,"bullet",12,"ammo","×","×"
"フレーム・ランチャー[GT]","フレームランチャー[MP]",1,250,300,"bullet",12,"ammo","×","×"
"ブルーディスティニー１号機","胸部マシンガンｘ２",3,61,200,"bullet",30,"ammo","×","○"
"ブルーディスティニー１号機","胸部マシンガンｘ２",2,58,200,"bullet",30,"ammo","×","○"
"ブルーディスティニー１号機","胸部マシンガンｘ２",1,56,200,"bullet",30,"ammo","×","○"
"ブルーディスティニー１号機","腹部ミサイル・ランチャーｘ２",3,827,275,"bullet",2,"ammo","×","×"
"ブルーディスティニー１号機","腹部ミサイル・ランチャーｘ２",2,787,275,"bullet",2,"ammo","×","×"
"ブルーディスティニー１号機","腹部ミサイル・ランチャーｘ２",1,750,275,"bullet",2,"ammo","×","×"
"ブルーディスティニー１号機","陸戦型シールド",3,2760,"S","","","shield","",""
"ブルーディスティニー１号機","陸戦型シールド",2,2530,"S","","","shield","",""
"ブルーディスティニー１号機","陸戦型シールド",1,2300,"S","","","shield","",""
"ブルーディスティニー１号機","頭部バルカン[後期型]",3,73,150,"bullet",30,"ammo","×","○"
"ブルーディスティニー１号機","頭部バルカン[後期型]",2,70,150,"bullet",30,"ammo","×","○"
"ブルーディスティニー１号機","頭部バルカン[後期型]",1,67,150,"bullet",30,"ammo","×","○"
"ブルーディスティニー２号機","コマンドシールド",3,3600,"L","","","shield","",""
"ブルーディスティニー２号機","コマンドシールド",2,3300,"L","","","shield","",""
"ブルーディスティニー２号機","コマンドシールド",1,3000,"L","","","shield","",""
"ブルーディスティニー２号機","胸部マシンガンｘ２",3,61,200,"bullet",30,"ammo","×","○"
"ブルーディスティニー２号機","胸部マシンガンｘ２",2,58,200,"bullet",30,"ammo","×","○"
"ブルーディスティニー２号機","胸部マシンガンｘ２",1,56,200,"bullet",30,"ammo","×","○"
"ブルーディスティニー２号機","腹部マイクロミサイル",3,450,200,"bullet",6,"ammo","×","×"
"ブルーディスティニー２号機","腹部マイクロミサイル",2,425,200,"bullet",6,"ammo","×","×"
"ブルーディスティニー２号機","腹部マイクロミサイル",1,400,200,"bullet",6,"ammo","×","×"
"ブルーディスティニー２号機","頭部バルカン[後期型]",3,73,150,"bullet",30,"ammo","×","○"
"ブルーディスティニー２号機","頭部バルカン[後期型]",2,70,150,"bullet",30,"ammo","×","○"
"ブルーディスティニー２号機","頭部バルカン[後期型]",1,67,150,"bullet",30,"ammo","×","○"
"ブルーディスティニー３号機","胸部マシンガンｘ２",3,61,200,"bullet",30,"ammo","×","○"
"ブルーディスティニー３号機","胸部マシンガンｘ２",2,58,200,"bullet",30,"ammo","×","○"
"ブルーディスティニー３号機","胸部マシンガンｘ２",1,56,200,"bullet",30,"ammo","×","○"
"ブルーディスティニー３号機","腹部マイクロミサイル",3,450,200,"bullet",6,"ammo","×","×"
"ブルーディスティニー３号機","腹部マイクロミサイル",2,425,200,"bullet",6,"ammo","×","×"
"ブルーディスティニー３号機","腹部マイクロミサイル",1,400,200,"bullet",6,"ammo","×","×"
"ブルーディスティニー３号機","頭部バルカン[後期型]",3,73,150,"bullet",30,"ammo","×","○"
"ブルーディスティニー３号機","頭部バルカン[後期型]",2,70,150,"bullet",30,"ammo","×","○"
"ブルーディスティニー３号機","頭部バルカン[後期型]",1,67,150,"bullet",30,"ammo","×","○"
"ブルーディスティニー３号機","３号機用シールド",3,4200,"L","","","shield","",""
"ブルーディスティニー３号機","３号機用シールド",2,3850,"L","","","shield","",""
"ブルーディスティニー３号機","３号機用シールド",1,3500,"L","","","shield","",""
"プロトタイプガンダム","頭部バルカン",3,55,150,"bullet",30,"ammo","×","○"
"プロトタイプガンダム","頭部バルカン",2,52,150,"bullet",30,"ammo","×","○"
"プロトタイプガンダム","頭部バルカン",1,50,150,"bullet",30,"ammo","×","○"
"ヘビーガンダム","ビーム・キャノン",2,2520,500,"heat",90,"beam","○","×"
"ヘビーガンダム","ビーム・キャノン",1,2400,500,"heat",90,"beam","○","×"
"ヘビーガンダム","頭部バルカン",2,52,150,"bullet",30,"ammo","×","○"
"ヘビーガンダム","頭部バルカン",1,50,150,"bullet",30,"ammo","×","○"
"ベイルライダー\n[空間戦仕様]","ジャイアント・ガトリング",2,124,450,"bullet",150,"ammo","×","○"
"ベイルライダー\n[空間戦仕様]","ジャイアント・ガトリング",1,115,450,"bullet",150,"ammo","×","○"
"ベイルライダー\n[空間戦仕様]","スライドシールド",2,3850,"L","","","shield","",""
"ベイルライダー\n[空間戦仕様]","スライドシールド",1,3500,"L","","","shield","",""
"ベイルライダー\n[空間戦仕様]","腕部ビーム・ガン",2,325,150,"heat",25,"beam","×","×"
"ベイルライダー\n[空間戦仕様]","腕部ビーム・ガン",1,300,150,"heat",25,"beam","×","×"
"ベイルライダー\n[空間戦仕様]","頭部バルカン[強化型]",2,84,150,"bullet",30,"ammo","×","○"
"ベイルライダー\n[空間戦仕様]","頭部バルカン[強化型]",1,80,150,"bullet",30,"ammo","×","○"
"ベイルライダー\n[陸戦重装備仕様]","ストライカーシールド",2,3850,"M","","","shield","",""
"ベイルライダー\n[陸戦重装備仕様]","ストライカーシールド",1,3500,"M","","","shield","",""
"ベイルライダー\n[陸戦重装備仕様]","展開式１８０ｍｍキャノン",2,3150,600,"bullet",1,"ammo","×","×"
"ベイルライダー\n[陸戦重装備仕様]","展開式１８０ｍｍキャノン",1,3000,600,"bullet",1,"ammo","×","×"
"ベイルライダー\n[陸戦重装備仕様]","脚部３連装ミサイル・ポッド",2,475,400,"bullet",6,"ammo","×","×"
"ベイルライダー\n[陸戦重装備仕様]","脚部３連装ミサイル・ポッド",1,450,400,"bullet",6,"ammo","×","×"
"ベイルライダー\n[陸戦重装備仕様]","腕部ビーム・ガン",2,325,150,"heat",25,"beam","×","○"
"ベイルライダー\n[陸戦重装備仕様]","腕部ビーム・ガン",1,300,150,"heat",25,"beam","×","○"
"ベイルライダー\n[陸戦重装備仕様]","頭部バルカン[強化型]",2,84,150,"bullet",30,"ammo","×","○"
"ベイルライダー\n[陸戦重装備仕様]","頭部バルカン[強化型]",1,80,150,"bullet",30,"ammo","×","○"
"ペイルライダー・キャバルリー","スライドシールド",2,3850,"L","","","shield","",""
"ペイルライダー・キャバルリー","スライドシールド",1,3500,"L","","","shield","",""
"ペイルライダー・キャバルリー","頭部バルカン[強化型]",2,84,150,"bullet",30,"ammo","×","○"
"ペイルライダー・キャバルリー","頭部バルカン[強化型]",1,80,150,"bullet",30,"ammo","×","○"
"ペズン・ドワッジ","胸部ビーム・ガン",3,1150,300,"heat",100,"beam","×","○"
"ペズン・ドワッジ","胸部ビーム・ガン",2,1100,300,"heat",100,"beam","×","○"
"ペズン・ドワッジ","胸部ビーム・ガン",1,1050,300,"heat",100,"beam","×","○"
"マドロック","グレネード・ランチャー",2,615,250,"bullet",4,"ammo","×","×"
"マドロック","グレネード・ランチャー",1,600,250,"bullet",4,"ammo","×","×"
"マドロック","コマンドシールド",2,3300,"L","","","shield","",""
"マドロック","コマンドシールド",1,3000,"L","","","shield","",""
"マドロック","頭部バルカン[後期型]",2,70,150,"bullet",30,"ammo","×","○"
"マドロック","頭部バルカン[後期型]",1,67,150,"bullet",30,"ammo","×","○"
"マドロック","３００ｍｍ低反動キャノンｘ２",2,925,450,"bullet",8,"ammo","×","×"
"マドロック","３００ｍｍ低反動キャノンｘ２",1,900,450,"bullet",8,"ammo","×","×"
"リック・ディアス","ビーム・ピストルｘ２",1,500,300,"heat",18,"beam","×","○"
"リック・ディアス","拳部トリモチ・ランチャー",1,300,200,"bullet",1,"ammo","×","×"
"リック・ディアス","頭部バルカン・ファランクス",1,85,200,"bullet",40,"ammo","×","○"
"リック・ドム","スプレッド・ビーム",3,0,100,"heat",100,"other","×","×"
"リック・ドム","スプレッド・ビーム",2,0,100,"heat",100,"other","×","×"
"リック・ドム","スプレッド・ビーム",1,0,100,"heat",100,"other","×","×"
"リック・ドムII","シュツルム・ファウスト",2,1785,200,"bullet",1,"ammo","×","×"
"リック・ドムII","シュツルム・ファウスト",1,1700,200,"bullet",1,"ammo","×","×"
"リック・ドムII","胸部ビーム・ガン",2,525,200,"heat",100,"beam","×","○"
"リック・ドムII","胸部ビーム・ガン",1,500,200,"heat",100,"beam","×","○"
"リック・ドムII(GH)","シュツルム・ファウスト",2,2520,200,"bullet",1,"ammo","×","×"
"リック・ドムII(GH)","シュツルム・ファウスト",1,2400,200,"bullet",1,"ammo","×","×"
"リック・ドムII(GH)","胸部ビーム・ガン",2,525,200,"heat",100,"beam","×","○"
"リック・ドムII(GH)","胸部ビーム・ガン",1,500,200,"heat",100,"beam","×","○"
"レール・キャノン[MP装備]","ＲＣ付属ミサイルポッド",3,180,400,"bullet",16,"ammo","×","×"
"レール・キャノン[MP装備]","ＲＣ付属ミサイルポッド",2,160,400,"bullet",16,"ammo","×","×"
"レール・キャノン[MP装備]","ＲＣ付属ミサイルポッド",1,140,400,"bullet",16,"ammo","×","×"
"先行量産型ゲルググ","ゲルググシールド",4,5200,"L","","","shield","",""
"先行量産型ゲルググ","ゲルググシールド",3,4800,"L","","","shield","",""
"先行量産型ゲルググ","ゲルググシールド",2,4400,"L","","","shield","",""
"先行量産型ゲルググ","ゲルググシールド",1,4000,"L","","","shield","",""
"先行量産型ゲルググ","ＭＭＰ－８０マシンガン",4,138,200,"bullet",50,"ammo","×","○"
"先行量産型ゲルググ","ＭＭＰ－８０マシンガン",3,132,200,"bullet",50,"ammo","×","○"
"先行量産型ゲルググ","ＭＭＰ－８０マシンガン",2,126,200,"bullet",50,"ammo","×","○"
"先行量産型ゲルググ","ＭＭＰ－８０マシンガン",1,120,200,"bullet",50,"ammo","×","○"
"寒冷地用マシンガン[GN装備]","寒冷地用マシンガン付属グレネード",3,770,225,"bullet",1,"ammo","×","×"
"寒冷地用マシンガン[GN装備]","寒冷地用マシンガン付属グレネード",2,735,225,"bullet",1,"ammo","×","×"
"寒冷地用マシンガン[GN装備]","寒冷地用マシンガン付属グレネード",1,700,225,"bullet",1,"ammo","×","×"
"装甲強化型ジム","コマンドシールド",4,3900,"L","","","shield","",""
"装甲強化型ジム","コマンドシールド",3,3600,"L","","","shield","",""
"装甲強化型ジム","コマンドシールド",2,3300,"L","","","shield","",""
"装甲強化型ジム","コマンドシールド",1,3000,"L","","","shield","",""
"装甲強化型ジム","ハンド・グレネードＥ",4,1150,150,"bullet",3,"other","×","×"
"装甲強化型ジム","ハンド・グレネードＥ",3,1100,150,"bullet",3,"other","×","×"
"装甲強化型ジム","ハンド・グレネードＥ",2,1050,150,"bullet",3,"other","×","×"
"装甲強化型ジム","ハンド・グレネードＥ",1,1000,150,"bullet",3,"other","×","×"
"試作２号機用MLRS","試作２号機用MLRS[垂直発射]",1,1600,550,"bullet",6,"ammo","×","×"
"量産型ガンキャノン","伸縮式２４０ｍｍキャノンｘ２",3,710,550,"bullet",12,"ammo","×","×"
"量産型ガンキャノン","伸縮式２４０ｍｍキャノンｘ２",2,680,550,"bullet",12,"ammo","×","×"
"量産型ガンキャノン","伸縮式２４０ｍｍキャノンｘ２",1,650,550,"bullet",12,"ammo","×","×"
"量産型ガンキャノン","頭部バルカン[後期型]",3,73,150,"bullet",30,"ammo","×","○"
"量産型ガンキャノン","頭部バルカン[後期型]",2,70,150,"bullet",30,"ammo","×","○"
"量産型ガンキャノン","頭部バルカン[後期型]",1,67,150,"bullet",30,"ammo","×","○"
"量産型ガンタンク","１２０ｍｍキャノン徹甲榴弾ｘ２",4,805,800,"bullet",12,"ammo","×","○"
"量産型ガンタンク","１２０ｍｍキャノン徹甲榴弾ｘ２",3,770,800,"bullet",12,"ammo","×","○"
"量産型ガンタンク","１２０ｍｍキャノン徹甲榴弾ｘ２",2,735,800,"bullet",12,"ammo","×","○"
"量産型ガンタンク","１２０ｍｍキャノン徹甲榴弾ｘ２",1,700,800,"bullet",12,"ammo","×","○"
"量産型ガンタンク","１２０ｍｍキャノン榴散弾ｘ２",4,575,450,"bullet",6,"ammo","×","○"
"量産型ガンタンク","１２０ｍｍキャノン榴散弾ｘ２",3,550,450,"bullet",6,"ammo","×","○"
"量産型ガンタンク","１２０ｍｍキャノン榴散弾ｘ２",2,525,450,"bullet",6,"ammo","×","○"
"量産型ガンタンク","１２０ｍｍキャノン榴散弾ｘ２",1,500,450,"bullet",6,"ammo","×","○"
"陸戦型ガンダム","胸部バルカン砲",4,74,200,"bullet",30,"ammo","×","○"
"陸戦型ガンダム","胸部バルカン砲",3,71,200,"bullet",30,"ammo","×","○"
"陸戦型ガンダム","胸部バルカン砲",2,68,200,"bullet",30,"ammo","×","○"
"陸戦型ガンダム","胸部バルカン砲",1,65,200,"bullet",30,"ammo","×","○"
"陸戦型ガンダム","閃光弾",4,0,80,"bullet",1,"other","×","×"
"陸戦型ガンダム","閃光弾",3,0,80,"bullet",1,"other","×","×"
"陸戦型ガンダム","閃光弾",2,0,80,"bullet",1,"other","×","×"
"陸戦型ガンダム","閃光弾",1,0,80,"bullet",1,"other","×","×"
"陸戦型ガンダム","陸戦型シールド",4,2990,"S","","","shield","",""
"陸戦型ガンダム","陸戦型シールド",3,2760,"S","","","shield","",""
"陸戦型ガンダム","陸戦型シールド",2,2530,"S","","","shield","",""
"陸戦型ガンダム","陸戦型シールド",1,2300,"S","","","shield","",""
"陸戦型ガンダム\n[WR装備]","胸部バルカン砲",4,74,200,"bullet",30,"ammo","×","○"
"陸戦型ガンダム\n[WR装備]","胸部バルカン砲",3,71,200,"bullet",30,"ammo","×","○"
"陸戦型ガンダム\n[WR装備]","胸部バルカン砲",2,68,200,"bullet",30,"ammo","×","○"
"陸戦型ガンダム\n[WR装備]","胸部バルカン砲",1,65,200,"bullet",30,"ammo","×","○"
"陸戦型ガンダム\n[WR装備]","閃光弾",4,0,80,"bullet",1,"other","×","×"
"陸戦型ガンダム\n[WR装備]","閃光弾",3,0,80,"bullet",1,"other","×","×"
"陸戦型ガンダム\n[WR装備]","閃光弾",2,0,80,"bullet",1,"other","×","×"
"陸戦型ガンダム\n[WR装備]","閃光弾",1,0,80,"bullet",1,"other","×","×"
"陸戦型ガンダム\n[WR装備]","陸戦型シールド",4,2990,"S","","","shield","",""
"陸戦型ガンダム\n[WR装備]","陸戦型シールド",3,2760,"S","","","shield","",""
"陸戦型ガンダム\n[WR装備]","陸戦型シールド",2,2530,"S","","","shield","",""
"陸戦型ガンダム\n[WR装備]","陸戦型シールド",1,2300,"S","","","shield","",""
"陸戦型ゲルググ","ショートシールド",2,2200,"S","","","shield","",""
"陸戦型ゲルググ","ショートシールド",1,2000,"S","","","shield","",""
"陸戦型ゲルググ","腕部ガトリング砲",2,115,200,"bullet",24,"ammo","×","○"
"陸戦型ゲルググ","腕部ガトリング砲",1,110,200,"bullet",24,"ammo","×","○"
"陸戦型ゲルググ","腕部グレネード・ランチャー",2,367,300,"bullet",3,"ammo","×","×"
"陸戦型ゲルググ","腕部グレネード・ランチャー",1,350,300,"bullet",3,"ammo","×","×"
"陸戦型ゲルググ(VD)","ゲルググシールド",2,4400,"L","","","shield","",""
"陸戦型ゲルググ(VD)","ゲルググシールド",1,4000,"L","","","shield","",""
"陸戦型ゲルググ(VD)","腕部ガトリング砲",2,115,200,"bullet",24,"ammo","×","○"
"陸戦型ゲルググ(VD)","腕部ガトリング砲",1,110,200,"bullet",24,"ammo","×","○"
"陸戦型ゲルググ(VD)","腕部グレネード・ランチャー",2,367,300,"bullet",3,"ammo","×","×"
"陸戦型ゲルググ(VD)","腕部グレネード・ランチャー",1,350,300,"bullet",3,"ammo","×","×"
"陸戦型ジム","ハンド・グレネードＥ",5,1200,150,"bullet",3,"other","×","×"
"陸戦型ジム","ハンド・グレネードＥ",4,1150,150,"bullet",3,"other","×","×"
"陸戦型ジム","ハンド・グレネードＥ",3,1100,150,"bullet",3,"other","×","×"
"陸戦型ジム","ハンド・グレネードＥ",2,1050,150,"bullet",3,"other","×","×"
"陸戦型ジム","ハンド・グレネードＥ",1,1000,150,"bullet",3,"other","×","×"
"陸戦型ジム","陸戦型シールド",5,3220,"S","","","shield","",""
"陸戦型ジム","陸戦型シールド",4,2990,"S","","","shield","",""
"陸戦型ジム","陸戦型シールド",3,2760,"S","","","shield","",""
"陸戦型ジム","陸戦型シールド",2,2530,"S","","","shield","",""
"陸戦型ジム","陸戦型シールド",1,2300,"S","","","shield","",""
"陸戦強襲型ガンタンク","スモーク・ディスチャージャーｘ２",2,0,5,"bullet",2,"ammo","×","×"
"陸戦強襲型ガンタンク","スモーク・ディスチャージャーｘ２",1,0,5,"bullet",2,"ammo","×","×"
"陸戦強襲型ガンタンク","多連装ロケットランチャー",2,375,500,"bullet",10,"ammo","×","×"
"陸戦強襲型ガンタンク","多連装ロケットランチャー",1,350,500,"bullet",10,"ammo","×","×"
"陸戦強襲型ガンタンク","燃料爆雷",2,1575,50,"bullet",2,"other","×","×"
"陸戦強襲型ガンタンク","燃料爆雷",1,1500,50,"bullet",2,"other","×","×"
"陸戦強襲型ガンタンク","車載用火炎放射器",2,225,150,"bullet",100,"ammo","×","×"
"陸戦強襲型ガンタンク","車載用火炎放射器",1,200,150,"bullet",100,"ammo","×","×"
"陸戦強襲型ガンタンク","２連装改良型ボップ・ガン",2,625,400,"bullet",4,"ammo","×","×"
"陸戦強襲型ガンタンク","２連装改良型ボップ・ガン",1,600,400,"bullet",4,"ammo","×","×"
"陸戦強襲型ガンタンク","２２０ｍｍ滑腔砲[徹甲榴弾]",2,2100,800,"bullet",6,"ammo","×","×"
"陸戦強襲型ガンタンク","２２０ｍｍ滑腔砲[徹甲榴弾]",1,2000,800,"bullet",6,"ammo","×","×"
"陸戦高機動型ザク","ハンド・グレネードＺ[強化]",3,1925,150,"bullet",3,"other","×","×"
"陸戦高機動型ザク","ハンド・グレネードＺ[強化]",2,1837,150,"bullet",3,"other","×","×"
"陸戦高機動型ザク","ハンド・グレネードＺ[強化]",1,1750,150,"bullet",3,"other","×","×"
"高機動型ゲルググ","ゲルググシールド",3,4800,"L","","","shield","",""
"高機動型ゲルググ","ゲルググシールド",2,4400,"L","","","shield","",""
"高機動型ゲルググ","ゲルググシールド",1,4000,"L","","","shield","",""
"高機動型ゲルググ","ハンド・グレネードＺ",3,1230,150,"bullet",3,"other","×","×"
"高機動型ゲルググ","ハンド・グレネードＺ",2,1165,150,"bullet",3,"other","×","×"
"高機動型ゲルググ","ハンド・グレネードＺ",1,1100,150,"bullet",3,"other","×","×"
"高機動型ゲルググ","ＭＭＰ－８０マシンガン",3,132,200,"bullet",50,"ammo","×","○"
"高機動型ゲルググ","ＭＭＰ－８０マシンガン",2,126,200,"bullet",50,"ammo","×","○"
"高機動型ゲルググ","ＭＭＰ－８０マシンガン",1,120,200,"bullet",50,"ammo","×","○"
"高機動型ゲルググ(UL)","ゲルググシールド",2,4400,"L","","","shield","",""
"高機動型ゲルググ(UL)","ゲルググシールド",1,4000,"L","","","shield","",""
"高機動型ゲルググ(UL)","腕部３連装ミサイル・ポッド",2,420,300,"bullet",6,"ammo","×","×"
"高機動型ゲルググ(UL)","腕部３連装ミサイル・ポッド",1,400,300,"bullet",6,"ammo","×","×"
"高機動型ゲルググ(VG)","ゲルググシールド",2,4400,"L","","","shield","",""
"高機動型ゲルググ(VG)","ゲルググシールド",1,4000,"L","","","shield","",""
"高機動型ザク","クラッカー[強化型]",3,1370,150,"bullet",3,"other","×","×"
"高機動型ザク","クラッカー[強化型]",2,1310,150,"bullet",3,"other","×","×"
"高機動型ザク","クラッカー[強化型]",1,1250,150,"bullet",3,"other","×","×"
"高機動型ザク","ザク・マシンガン",3,73,250,"bullet",100,"ammo","×","○"
"高機動型ザク","ザク・マシンガン",2,70,250,"bullet",100,"ammo","×","○"
"高機動型ザク","ザク・マシンガン",1,67,250,"bullet",100,"ammo","×","○"
"高機動型ザク後期型","ハンド・グレネードＺ[強化]",2,1837,150,"bullet",3,"other","×","×"
"高機動型ザク後期型","ハンド・グレネードＺ[強化]",1,1750,150,"bullet",3,"other","×","×"
"ＧＤ用ビーム・ライフル[SN]","Ｂライフル付属スーパー・ナパーム",4,805,250,"bullet",4,"ammo","×","×"
"ＧＤ用ビーム・ライフル[SN]","Ｂライフル付属スーパー・ナパーム",3,770,250,"bullet",4,"ammo","×","×"
"ＧＤ用ビーム・ライフル[SN]","Ｂライフル付属スーパー・ナパーム",2,735,250,"bullet",4,"ammo","×","×"
"ＧＤ用ビーム・ライフル[SN]","Ｂライフル付属スーパー・ナパーム",1,700,250,"bullet",4,"ammo","×","×"
"ＧＲ型用ビーム・ライフル[GN]","ＧＲ型用Ｂ・ライフル直結状態",2,1995,500,"heat",100,"beam","×","×"
"ＧＲ型用ビーム・ライフル[GN]","ＧＲ型用Ｂ・ライフル直結状態",1,1900,500,"heat",100,"beam","×","×"
"ＭＭＰ－７８マシンガン[GN]","ＭＭＰ－７８付属グレネード",4,805,325,"bullet",1,"ammo","×","×"
"ＭＭＰ－７８マシンガン[GN]","ＭＭＰ－７８付属グレネード",3,770,325,"bullet",1,"ammo","×","×"
"ＭＭＰ－７８マシンガン[GN]","ＭＭＰ－７８付属グレネード",2,735,325,"bullet",1,"ammo","×","×"
"ＭＭＰ－７８マシンガン[GN]","ＭＭＰ－７８付属グレネード",1,700,325,"bullet",1,"ammo","×","×"
"ＭＭＰ－７８ＧＮ[対空砲弾]","ＭＭＰ－７８付属グレネード",3,770,325,"bullet",1,"ammo","×","×"
"ＭＭＰ－７８ＧＮ[対空砲弾]","ＭＭＰ－７８付属グレネード",2,735,325,"bullet",1,"ammo","×","×"
"ＭＭＰ－７８ＧＮ[対空砲弾]","ＭＭＰ－７８付属グレネード",1,700,325,"bullet",1,"ammo","×","×"
"ＭＭＰ－８０マシンガン[GN]","ＭＭＰ－８０付属グレネード",4,805,325,"bullet",1,"ammo","×","×"
"ＭＭＰ－８０マシンガン[GN]","ＭＭＰ－８０付属グレネード",3,770,325,"bullet",1,"ammo","×","×"
"ＭＭＰ－８０マシンガン[GN]","ＭＭＰ－８０付属グレネード",2,735,325,"bullet",1,"ammo","×","×"
"ＭＭＰ－８０マシンガン[GN]","ＭＭＰ－８０付属グレネード",1,700,325,"bullet",1,"ammo","×","×"
